image_path,split,label,class_name,episode_id,capture_timestamp,snn_left,snn_straight,snn_right,snn_source,steering
..\..\..\carla_data\straight\STRAIGHT_2297_20260404_030659_042573.png,test,1,straight,time_group_001,2026-04-04T03:06:59.042573,0.19393732,0.72913795,0.07692473,fake_debug_only_ground_truth_derived,
..\..\..\carla_data\straight\STRAIGHT_2342_20260404_030700_595800.png,test,1,straight,time_group_001,2026-04-04T03:07:00.595800,0.12795189,0.76036073,0.11168738,fake_debug_only_ground_truth_derived,
..\..\..\carla_data\straight\STRAIGHT_2390_20260404_030701_978860.png,test,1,straight,time_group_001,2026-04-04T03:07:01.978860,0.12841439,0.80568865,0.06589697,fake_debug_only_ground_truth_derived,
..\..\..\carla_data\straight\STRAIGHT_2435_20260404_030703_435218.png,test,1,straight,time_group_001,2026-04-04T03:07:03.435218,0.20809238,0.63397693,0.15793070,fake_debug_only_ground_truth_derived,
..\..\..\carla_data\straight\STRAIGHT_2481_20260404_030704_953326.png,test,1,straight,time_group_001,2026-04-04T03:07:04.953326,0.32760639,0.11837252,0.55402109,fake_debug_only_ground_truth_derived,
..\..\..\carla_data\straight\STRAIGHT_2532_20260404_030706_378053.png,test,1,straight,time_group_001,2026-04-04T03:07:06.378053,0.12706229,0.68902609,0.18391161,fake_debug_only_ground_truth_derived,
..\..\..\carla_data\straight\STRAIGHT_2714_20260404_030711_259930.png,test,1,straight,time_group_001,2026-04-04T03:07:11.259930,0.20611201,0.68172057,0.11216741,fake_debug_only_ground_truth_derived,
..\..\..\carla_data\straight\STRAIGHT_2766_20260404_030712_528092.png,test,1,straight,time_group_001,2026-04-04T03:07:12.528092,0.74510769,0.09565423,0.15923808,fake_debug_only_ground_truth_derived,
..\..\..\carla_data\straight\STRAIGHT_2826_20260404_030714_098167.png,test,1,straight,time_group_001,2026-04-04T03:07:14.098167,0.27650797,0.16483328,0.55865876,fake_debug_only_ground_truth_derived,
..\..\..\carla_data\straight\STRAIGHT_2878_20260404_030715_540253.png,test,1,straight,time_group_001,2026-04-04T03:07:15.540253,0.17118026,0.68957066,0.13924907,fake_debug_only_ground_truth_derived,
..\..\..\carla_data\straight\STRAIGHT_2908_20260404_030716_499996.png,test,1,straight,time_group_001,2026-04-04T03:07:16.499996,0.17732741,0.72722556,0.09544703,fake_debug_only_ground_truth_derived,
..\..\..\carla_data\straight\STRAIGHT_2967_20260404_030717_728866.png,test,1,straight,time_group_001,2026-04-04T03:07:17.728866,0.04586726,0.87086412,0.08326861,fake_debug_only_ground_truth_derived,
..\..\..\carla_data\straight\STRAIGHT_2987_20260404_030718_412785.png,test,1,straight,time_group_001,2026-04-04T03:07:18.412785,0.18475754,0.08571016,0.72953230,fake_debug_only_ground_truth_derived,
..\..\..\carla_data\straight\STRAIGHT_3012_20260404_030719_066939.png,test,1,straight,time_group_001,2026-04-04T03:07:19.066939,0.88695384,0.05809780,0.05494836,fake_debug_only_ground_truth_derived,
..\..\..\carla_data\straight\STRAIGHT_3072_20260404_030720_391763.png,test,1,straight,time_group_001,2026-04-04T03:07:20.391763,0.08555053,0.70029334,0.21415614,fake_debug_only_ground_truth_derived,
..\..\..\carla_data\straight\STRAIGHT_3104_20260404_030721_199080.png,test,1,straight,time_group_001,2026-04-04T03:07:21.199080,0.76933468,0.10935331,0.12131201,fake_debug_only_ground_truth_derived,
..\..\..\carla_data\straight\STRAIGHT_3143_20260404_030722_228215.png,test,1,straight,time_group_001,2026-04-04T03:07:22.228215,0.15291346,0.10115792,0.74592862,fake_debug_only_ground_truth_derived,
..\..\..\carla_data\straight\STRAIGHT_3170_20260404_030723_160915.png,test,1,straight,time_group_001,2026-04-04T03:07:23.160915,0.07424298,0.09404402,0.83171301,fake_debug_only_ground_truth_derived,
..\..\..\carla_data\straight\STRAIGHT_3208_20260404_030723_963622.png,test,1,straight,time_group_001,2026-04-04T03:07:23.963622,0.56158824,0.26014724,0.17826452,fake_debug_only_ground_truth_derived,
..\..\..\carla_data\straight\STRAIGHT_3264_20260404_030725_462429.png,test,1,straight,time_group_001,2026-04-04T03:07:25.462429,0.13181524,0.73301108,0.13517368,fake_debug_only_ground_truth_derived,
..\..\..\carla_data\straight\STRAIGHT_3313_20260404_030726_762954.png,test,1,straight,time_group_001,2026-04-04T03:07:26.762954,0.14191856,0.71994920,0.13813224,fake_debug_only_ground_truth_derived,
..\..\..\carla_data\straight\STRAIGHT_3366_20260404_030728_154944.png,test,1,straight,time_group_001,2026-04-04T03:07:28.154944,0.84099102,0.06201259,0.09699639,fake_debug_only_ground_truth_derived,
..\..\..\carla_data\straight\STRAIGHT_3418_20260404_030729_641029.png,test,1,straight,time_group_001,2026-04-04T03:07:29.641029,0.14007064,0.79126660,0.06866277,fake_debug_only_ground_truth_derived,
..\..\..\carla_data\straight\STRAIGHT_3468_20260404_030731_013874.png,test,1,straight,time_group_001,2026-04-04T03:07:31.013874,0.08752223,0.88784387,0.02463390,fake_debug_only_ground_truth_derived,
..\..\..\carla_data\straight\STRAIGHT_3522_20260404_030732_404051.png,test,1,straight,time_group_001,2026-04-04T03:07:32.404051,0.15384738,0.57250330,0.27364932,fake_debug_only_ground_truth_derived,
..\..\..\carla_data\straight\STRAIGHT_3577_20260404_030733_820762.png,test,1,straight,time_group_001,2026-04-04T03:07:33.820762,0.08415538,0.81164296,0.10420166,fake_debug_only_ground_truth_derived,
..\..\..\carla_data\straight\STRAIGHT_3630_20260404_030735_159353.png,test,1,straight,time_group_001,2026-04-04T03:07:35.159353,0.24673173,0.55007489,0.20319338,fake_debug_only_ground_truth_derived,
..\..\..\carla_data\left\MANUAL_LEFT_20260404_233403_853853.png,test,0,left,time_group_012,2026-04-04T23:34:03.853853,0.82781971,0.06003971,0.11214058,fake_debug_only_ground_truth_derived,
..\..\..\carla_data\left\MANUAL_LEFT_20260405_000208_957381.png,test,0,left,time_group_016,2026-04-05T00:02:08.957381,0.12556812,0.09046488,0.78396700,fake_debug_only_ground_truth_derived,
..\..\..\carla_data\right\MANUAL_RIGHT_20260405_000216_821227.png,test,2,right,time_group_016,2026-04-05T00:02:16.821227,0.16273406,0.08319303,0.75407290,fake_debug_only_ground_truth_derived,
..\..\..\carla_data\left\MANUAL_LEFT_20260405_001037_910570.png,test,0,left,time_group_021,2026-04-05T00:10:37.910570,0.80216542,0.05557544,0.14225914,fake_debug_only_ground_truth_derived,
..\..\..\carla_data\left\MANUAL_LEFT_20260405_001045_647372.png,test,0,left,time_group_021,2026-04-05T00:10:45.647372,0.88539711,0.08315543,0.03144746,fake_debug_only_ground_truth_derived,
..\..\..\carla_data\left\MANUAL_LEFT_20260405_001052_833748.png,test,0,left,time_group_021,2026-04-05T00:10:52.833748,0.78399421,0.16438766,0.05161814,fake_debug_only_ground_truth_derived,
..\..\..\carla_data\right\MANUAL_RIGHT_20260405_001104_264176.png,test,2,right,time_group_021,2026-04-05T00:11:04.264176,0.11824663,0.72769566,0.15405771,fake_debug_only_ground_truth_derived,
..\..\..\carla_data\right\MANUAL_RIGHT_20260405_004108_262543.png,test,2,right,time_group_042,2026-04-05T00:41:08.262543,0.11735196,0.55494616,0.32770188,fake_debug_only_ground_truth_derived,
..\..\..\carla_data\left\MANUAL_LEFT_20260405_004124_979593.png,test,0,left,time_group_042,2026-04-05T00:41:24.979593,0.67145625,0.13537372,0.19317003,fake_debug_only_ground_truth_derived,
..\..\..\carla_data\right\MANUAL_RIGHT_20260405_004138_628328.png,test,2,right,time_group_042,2026-04-05T00:41:38.628328,0.10763827,0.16372599,0.72863574,fake_debug_only_ground_truth_derived,
..\..\..\carla_data\left\MANUAL_LEFT_20260405_004155_520314.png,test,0,left,time_group_042,2026-04-05T00:41:55.520314,0.59248050,0.31349224,0.09402726,fake_debug_only_ground_truth_derived,
..\..\..\carla_data\left\MANUAL_LEFT_20260405_004213_352437.png,test,0,left,time_group_042,2026-04-05T00:42:13.352437,0.07879743,0.75694164,0.16426093,fake_debug_only_ground_truth_derived,
..\..\..\carla_data\right\MANUAL_RIGHT_20260405_004220_993665.png,test,2,right,time_group_042,2026-04-05T00:42:20.993665,0.23077324,0.13756249,0.63166428,fake_debug_only_ground_truth_derived,
..\..\..\carla_data\left\MANUAL_LEFT_20260405_004237_955695.png,test,0,left,time_group_042,2026-04-05T00:42:37.955695,0.77653066,0.06793878,0.15553056,fake_debug_only_ground_truth_derived,
..\..\..\carla_data\right\MANUAL_RIGHT_20260405_004245_170121.png,test,2,right,time_group_042,2026-04-05T00:42:45.170121,0.70813730,0.19053551,0.10132719,fake_debug_only_ground_truth_derived,
..\..\..\carla_data\right\MANUAL_RIGHT_20260405_005115_699151.png,test,2,right,time_group_049,2026-04-05T00:51:15.699151,0.03961473,0.10314935,0.85723592,fake_debug_only_ground_truth_derived,
..\..\..\carla_data\left\MANUAL_LEFT_20260405_005123_855439.png,test,0,left,time_group_049,2026-04-05T00:51:23.855439,0.27831356,0.60613674,0.11554970,fake_debug_only_ground_truth_derived,
..\..\..\carla_data\left\MANUAL_LEFT_20260405_005131_913068.png,test,0,left,time_group_049,2026-04-05T00:51:31.913068,0.69493038,0.07541177,0.22965785,fake_debug_only_ground_truth_derived,
..\..\..\carla_data\left\MANUAL_LEFT_20260405_005140_155216.png,test,0,left,time_group_049,2026-04-05T00:51:40.155216,0.64220529,0.17838265,0.17941206,fake_debug_only_ground_truth_derived,
..\..\..\carla_data\left\MANUAL_LEFT_20260405_005448_676461.png,test,0,left,time_group_053,2026-04-05T00:54:48.676461,0.71369513,0.11322601,0.17307886,fake_debug_only_ground_truth_derived,
..\..\..\carla_data\right\MANUAL_RIGHT_20260405_005910_059201.png,test,2,right,time_group_057,2026-04-05T00:59:10.059201,0.11607089,0.05511825,0.82881086,fake_debug_only_ground_truth_derived,
..\..\..\carla_data\right\MANUAL_RIGHT_20260405_005921_218006.png,test,2,right,time_group_057,2026-04-05T00:59:21.218006,0.55171704,0.11470295,0.33358001,fake_debug_only_ground_truth_derived,
..\..\..\carla_data\left\MANUAL_LEFT_20260405_005931_704655.png,test,0,left,time_group_057,2026-04-05T00:59:31.704655,0.74077105,0.18149468,0.07773427,fake_debug_only_ground_truth_derived,
..\..\..\carla_data\left\MANUAL_LEFT_20260405_005937_399641.png,test,0,left,time_group_057,2026-04-05T00:59:37.399641,0.55951467,0.31183021,0.12865512,fake_debug_only_ground_truth_derived,
..\..\..\carla_data\right\MANUAL_RIGHT_20260405_010046_625560.png,test,2,right,time_group_059,2026-04-05T01:00:46.625560,0.05703387,0.11583508,0.82713105,fake_debug_only_ground_truth_derived,
..\..\..\carla_data\right\MANUAL_RIGHT_20260405_010054_353517.png,test,2,right,time_group_059,2026-04-05T01:00:54.353517,0.11945564,0.06760818,0.81293618,fake_debug_only_ground_truth_derived,
..\..\..\carla_data\left\MANUAL_LEFT_20260405_010056_793436.png,test,0,left,time_group_059,2026-04-05T01:00:56.793436,0.78460758,0.06021745,0.15517497,fake_debug_only_ground_truth_derived,
..\..\..\carla_data\right\MANUAL_RIGHT_20260405_010110_845449.png,test,2,right,time_group_059,2026-04-05T01:01:10.845449,0.07839614,0.21898536,0.70261851,fake_debug_only_ground_truth_derived,
..\..\..\carla_data\right\MANUAL_RIGHT_20260405_010119_234750.png,test,2,right,time_group_059,2026-04-05T01:01:19.234750,,,,fake_debug_only_missing,
..\..\..\carla_data\left\MANUAL_LEFT_20260405_010126_318466.png,test,0,left,time_group_059,2026-04-05T01:01:26.318466,0.09982066,0.72731934,0.17286000,fake_debug_only_ground_truth_derived,
..\..\..\carla_data\right\MANUAL_RIGHT_20260405_010144_039433.png,test,2,right,time_group_059,2026-04-05T01:01:44.039433,0.12117565,0.21871372,0.66011063,fake_debug_only_ground_truth_derived,
..\..\..\carla_data\right\MANUAL_RIGHT_20260405_010201_089603.png,test,2,right,time_group_059,2026-04-05T01:02:01.089603,,,,fake_debug_only_missing,
..\..\..\carla_data\right\MANUAL_RIGHT_20260405_010208_171687.png,test,2,right,time_group_059,2026-04-05T01:02:08.171687,0.06380592,0.69508489,0.24110919,fake_debug_only_ground_truth_derived,
..\..\..\carla_data\left\MANUAL_LEFT_20260405_010219_153449.png,test,0,left,time_group_059,2026-04-05T01:02:19.153449,,,,fake_debug_only_missing,
..\..\..\carla_data\left\MANUAL_LEFT_20260405_010224_979551.png,test,0,left,time_group_059,2026-04-05T01:02:24.979551,,,,fake_debug_only_missing,
..\..\..\carla_data\right\MANUAL_RIGHT_20260405_010232_674130.png,test,2,right,time_group_059,2026-04-05T01:02:32.674130,0.18906976,0.05916188,0.75176837,fake_debug_only_ground_truth_derived,
..\..\..\carla_data\right\MANUAL_RIGHT_20260405_010240_326700.png,test,2,right,time_group_059,2026-04-05T01:02:40.326700,0.87366039,0.04922674,0.07711287,fake_debug_only_ground_truth_derived,
..\..\..\carla_data\right\MANUAL_RIGHT_20260405_010352_325632.png,test,2,right,time_group_061,2026-04-05T01:03:52.325632,0.07801942,0.02929134,0.89268924,fake_debug_only_ground_truth_derived,
..\..\..\carla_data\left\MANUAL_LEFT_20260405_010402_942075.png,test,0,left,time_group_061,2026-04-05T01:04:02.942075,0.24109883,0.07273461,0.68616656,fake_debug_only_ground_truth_derived,
..\..\..\carla_data\right\MANUAL_RIGHT_20260405_010411_799738.png,test,2,right,time_group_061,2026-04-05T01:04:11.799738,0.05258223,0.85744610,0.08997167,fake_debug_only_ground_truth_derived,
..\..\..\carla_data\left\MANUAL_LEFT_20260405_010419_993507.png,test,0,left,time_group_061,2026-04-05T01:04:19.993507,0.15572537,0.65392971,0.19034492,fake_debug_only_ground_truth_derived,
..\..\..\carla_data\left\MANUAL_LEFT_20260405_010422_832937.png,test,0,left,time_group_061,2026-04-05T01:04:22.832937,0.88487653,0.03666325,0.07846022,fake_debug_only_ground_truth_derived,
..\..\..\carla_data\left\MANUAL_LEFT_20260405_010430_128713.png,test,0,left,time_group_061,2026-04-05T01:04:30.128713,,,,fake_debug_only_missing,
..\..\..\carla_data\left\MANUAL_LEFT_20260405_010431_984175.png,test,0,left,time_group_061,2026-04-05T01:04:31.984175,0.59293982,0.09052662,0.31653356,fake_debug_only_ground_truth_derived,
..\..\..\carla_data\left\MANUAL_LEFT_20260405_010433_957625.png,test,0,left,time_group_061,2026-04-05T01:04:33.957625,0.89065911,0.04169657,0.06764432,fake_debug_only_ground_truth_derived,
..\..\..\carla_data\left\MANUAL_LEFT_20260405_010436_727246.png,test,0,left,time_group_061,2026-04-05T01:04:36.727246,0.69535433,0.12987328,0.17477239,fake_debug_only_ground_truth_derived,
..\..\..\carla_data\right\MANUAL_RIGHT_20260405_010446_510515.png,test,2,right,time_group_061,2026-04-05T01:04:46.510515,0.05543686,0.12334542,0.82121772,fake_debug_only_ground_truth_derived,
..\..\..\carla_data\right\MANUAL_RIGHT_20260405_010455_298476.png,test,2,right,time_group_061,2026-04-05T01:04:55.298476,,,,fake_debug_only_missing,
..\..\..\carla_data\right\MANUAL_RIGHT_20260405_010506_768409.png,test,2,right,time_group_061,2026-04-05T01:05:06.768409,0.18761561,0.06817004,0.74421435,fake_debug_only_ground_truth_derived,
..\..\..\carla_data\right\MANUAL_RIGHT_20260405_010513_998360.png,test,2,right,time_group_061,2026-04-05T01:05:13.998360,0.23306282,0.21112865,0.55580853,fake_debug_only_ground_truth_derived,
..\..\..\carla_data\right\MANUAL_RIGHT_20260405_010522_295707.png,test,2,right,time_group_061,2026-04-05T01:05:22.295707,0.88047974,0.06647601,0.05304425,fake_debug_only_ground_truth_derived,
..\..\..\carla_data\left\MANUAL_LEFT_20260405_010530_697140.png,test,0,left,time_group_061,2026-04-05T01:05:30.697140,0.77757463,0.17277632,0.04964905,fake_debug_only_ground_truth_derived,
..\..\..\carla_data\left\MANUAL_LEFT_20260405_010915_685598.png,test,0,left,time_group_065,2026-04-05T01:09:15.685598,0.77155229,0.14911220,0.07933551,fake_debug_only_ground_truth_derived,
..\..\..\carla_data\left\MANUAL_LEFT_20260405_010923_537083.png,test,0,left,time_group_065,2026-04-05T01:09:23.537083,0.55399327,0.35095253,0.09505420,fake_debug_only_ground_truth_derived,
..\..\..\carla_data\right\MANUAL_RIGHT_20260405_010938_455620.png,test,2,right,time_group_065,2026-04-05T01:09:38.455620,0.87453037,0.09330262,0.03216701,fake_debug_only_ground_truth_derived,
..\..\..\carla_data\left\MANUAL_LEFT_20260405_011152_770133.png,test,0,left,time_group_068,2026-04-05T01:11:52.770133,0.09262271,0.74655658,0.16082070,fake_debug_only_ground_truth_derived,
..\..\..\carla_data\right\MANUAL_RIGHT_20260405_011158_751128.png,test,2,right,time_group_068,2026-04-05T01:11:58.751128,0.13726256,0.15199373,0.71074370,fake_debug_only_ground_truth_derived,
..\..\..\carla_data\left\MANUAL_LEFT_20260405_011429_344753.png,test,0,left,time_group_070,2026-04-05T01:14:29.344753,0.22163011,0.16260409,0.61576580,fake_debug_only_ground_truth_derived,
..\..\..\carla_data\right\MANUAL_RIGHT_20260405_012633_649255.png,test,2,right,time_group_079,2026-04-05T01:26:33.649255,0.11580139,0.83481393,0.04938468,fake_debug_only_ground_truth_derived,
..\..\..\carla_data\right\MANUAL_RIGHT_20260405_012641_404434.png,test,2,right,time_group_079,2026-04-05T01:26:41.404434,0.57947256,0.17816752,0.24235992,fake_debug_only_ground_truth_derived,
..\..\..\carla_data\right\MANUAL_RIGHT_20260405_012649_426009.png,test,2,right,time_group_079,2026-04-05T01:26:49.426009,0.15279803,0.03836994,0.80883203,fake_debug_only_ground_truth_derived,
..\..\..\carla_data\straight\STRAIGHT_8917_20260404_031002_215514.png,train,1,straight,time_group_004,2026-04-04T03:10:02.215514,,,,fake_debug_only_missing,
..\..\..\carla_data\straight\STRAIGHT_8990_20260404_031004_320369.png,train,1,straight,time_group_004,2026-04-04T03:10:04.320369,0.19300641,0.05657333,0.75042027,fake_debug_only_ground_truth_derived,
..\..\..\carla_data\straight\STRAIGHT_9122_20260404_031007_736057.png,train,1,straight,time_group_004,2026-04-04T03:10:07.736057,0.88780622,0.02950168,0.08269210,fake_debug_only_ground_truth_derived,
..\..\..\carla_data\straight\STRAIGHT_9178_20260404_031009_223973.png,train,1,straight,time_group_004,2026-04-04T03:10:09.223973,0.09979913,0.74162163,0.15857924,fake_debug_only_ground_truth_derived,
..\..\..\carla_data\straight\STRAIGHT_9229_20260404_031010_652357.png,train,1,straight,time_group_004,2026-04-04T03:10:10.652357,0.28359746,0.61642186,0.09998067,fake_debug_only_ground_truth_derived,
..\..\..\carla_data\straight\STRAIGHT_9281_20260404_031012_022069.png,train,1,straight,time_group_004,2026-04-04T03:10:12.022069,0.17460895,0.59690166,0.22848939,fake_debug_only_ground_truth_derived,
..\..\..\carla_data\straight\STRAIGHT_9330_20260404_031013_394936.png,train,1,straight,time_group_004,2026-04-04T03:10:13.394936,0.09032650,0.84655817,0.06311533,fake_debug_only_ground_truth_derived,
..\..\..\carla_data\straight\STRAIGHT_9381_20260404_031014_943870.png,train,1,straight,time_group_004,2026-04-04T03:10:14.943870,0.11963989,0.82032956,0.06003056,fake_debug_only_ground_truth_derived,
..\..\..\carla_data\straight\STRAIGHT_9419_20260404_031016_082372.png,train,1,straight,time_group_004,2026-04-04T03:10:16.082372,0.04295523,0.80269307,0.15435170,fake_debug_only_ground_truth_derived,
..\..\..\carla_data\straight\STRAIGHT_9460_20260404_031016_931468.png,train,1,straight,time_group_004,2026-04-04T03:10:16.931468,0.11882263,0.55994632,0.32123105,fake_debug_only_ground_truth_derived,
..\..\..\carla_data\straight\STRAIGHT_9483_20260404_031017_608615.png,train,1,straight,time_group_004,2026-04-04T03:10:17.608615,0.12806564,0.81838468,0.05354967,fake_debug_only_ground_truth_derived,
..\..\..\carla_data\straight\STRAIGHT_9505_20260404_031018_212503.png,train,1,straight,time_group_004,2026-04-04T03:10:18.212503,,,,fake_debug_only_missing,
..\..\..\carla_data\straight\STRAIGHT_9574_20260404_031019_854879.png,train,1,straight,time_group_004,2026-04-04T03:10:19.854879,0.08379582,0.75982375,0.15638043,fake_debug_only_ground_truth_derived,
..\..\..\carla_data\straight\STRAIGHT_9599_20260404_031020_668536.png,train,1,straight,time_group_004,2026-04-04T03:10:20.668536,0.28963928,0.58758773,0.12277299,fake_debug_only_ground_truth_derived,
..\..\..\carla_data\straight\STRAIGHT_9649_20260404_031021_981455.png,train,1,straight,time_group_004,2026-04-04T03:10:21.981455,,,,fake_debug_only_missing,
..\..\..\carla_data\straight\STRAIGHT_9699_20260404_031023_071150.png,train,1,straight,time_group_004,2026-04-04T03:10:23.071150,0.19814421,0.59114214,0.21071365,fake_debug_only_ground_truth_derived,
..\..\..\carla_data\straight\STRAIGHT_9752_20260404_031024_502084.png,train,1,straight,time_group_004,2026-04-04T03:10:24.502084,0.15094439,0.63645940,0.21259621,fake_debug_only_ground_truth_derived,
..\..\..\carla_data\straight\STRAIGHT_9804_20260404_031025_914844.png,train,1,straight,time_group_004,2026-04-04T03:10:25.914844,0.28105892,0.14004876,0.57889231,fake_debug_only_ground_truth_derived,
..\..\..\carla_data\straight\STRAIGHT_9854_20260404_031027_228479.png,train,1,straight,time_group_004,2026-04-04T03:10:27.228479,,,,fake_debug_only_missing,
..\..\..\carla_data\straight\STRAIGHT_9903_20260404_031028_538819.png,train,1,straight,time_group_004,2026-04-04T03:10:28.538819,0.06254365,0.81365229,0.12380406,fake_debug_only_ground_truth_derived,
..\..\..\carla_data\straight\STRAIGHT_9954_20260404_031030_071190.png,train,1,straight,time_group_004,2026-04-04T03:10:30.071190,0.24850996,0.66609942,0.08539062,fake_debug_only_ground_truth_derived,
..\..\..\carla_data\straight\STRAIGHT_10003_20260404_031031_400490.png,train,1,straight,time_group_004,2026-04-04T03:10:31.400490,0.10815021,0.23206095,0.65978884,fake_debug_only_ground_truth_derived,
..\..\..\carla_data\straight\STRAIGHT_10057_20260404_031032_766287.png,train,1,straight,time_group_004,2026-04-04T03:10:32.766287,0.07562013,0.10879102,0.81558885,fake_debug_only_ground_truth_derived,
..\..\..\carla_data\straight\STRAIGHT_10112_20260404_031034_163484.png,train,1,straight,time_group_004,2026-04-04T03:10:34.163484,0.17460566,0.62450644,0.20088790,fake_debug_only_ground_truth_derived,
..\..\..\carla_data\straight\STRAIGHT_11245_20260404_031102_367352.png,train,1,straight,time_group_005,2026-04-04T03:11:02.367352,0.24992536,0.10640449,0.64367015,fake_debug_only_ground_truth_derived,
..\..\..\carla_data\straight\STRAIGHT_11318_20260404_031104_397544.png,train,1,straight,time_group_005,2026-04-04T03:11:04.397544,0.18854985,0.16918212,0.64226803,fake_debug_only_ground_truth_derived,
..\..\..\carla_data\straight\STRAIGHT_11371_20260404_031105_495394.png,train,1,straight,time_group_005,2026-04-04T03:11:05.495394,0.26524019,0.60021270,0.13454711,fake_debug_only_ground_truth_derived,
..\..\..\carla_data\straight\STRAIGHT_11422_20260404_031106_767132.png,train,1,straight,time_group_005,2026-04-04T03:11:06.767132,0.10041312,0.77161717,0.12796971,fake_debug_only_ground_truth_derived,
..\..\..\carla_data\straight\STRAIGHT_11474_20260404_031108_041175.png,train,1,straight,time_group_005,2026-04-04T03:11:08.041175,0.07880219,0.69338107,0.22781674,fake_debug_only_ground_truth_derived,
..\..\..\carla_data\straight\STRAIGHT_11539_20260404_031109_799273.png,train,1,straight,time_group_005,2026-04-04T03:11:09.799273,0.12328071,0.78737072,0.08934857,fake_debug_only_ground_truth_derived,
..\..\..\carla_data\straight\STRAIGHT_11601_20260404_031111_033994.png,train,1,straight,time_group_005,2026-04-04T03:11:11.033994,0.69855272,0.17753292,0.12391436,fake_debug_only_ground_truth_derived,
..\..\..\carla_data\straight\STRAIGHT_11627_20260404_031111_796592.png,train,1,straight,time_group_005,2026-04-04T03:11:11.796592,,,,fake_debug_only_missing,
..\..\..\carla_data\straight\STRAIGHT_11676_20260404_031112_789441.png,train,1,straight,time_group_005,2026-04-04T03:11:12.789441,0.22141104,0.64346920,0.13511976,fake_debug_only_ground_truth_derived,
..\..\..\carla_data\straight\STRAIGHT_11697_20260404_031113_481850.png,train,1,straight,time_group_005,2026-04-04T03:11:13.481850,0.16507237,0.76409914,0.07082849,fake_debug_only_ground_truth_derived,
..\..\..\carla_data\straight\STRAIGHT_11748_20260404_031114_769413.png,train,1,straight,time_group_005,2026-04-04T03:11:14.769413,0.07374423,0.25769448,0.66856129,fake_debug_only_ground_truth_derived,
..\..\..\carla_data\straight\STRAIGHT_11803_20260404_031116_348303.png,train,1,straight,time_group_005,2026-04-04T03:11:16.348303,0.05484172,0.84816231,0.09699597,fake_debug_only_ground_truth_derived,
..\..\..\carla_data\straight\STRAIGHT_11826_20260404_031116_990400.png,train,1,straight,time_group_005,2026-04-04T03:11:16.990400,,,,fake_debug_only_missing,
..\..\..\carla_data\straight\STRAIGHT_11868_20260404_031118_198246.png,train,1,straight,time_group_005,2026-04-04T03:11:18.198246,0.20411720,0.64691830,0.14896449,fake_debug_only_ground_truth_derived,
..\..\..\carla_data\straight\STRAIGHT_11886_20260404_031118_819449.png,train,1,straight,time_group_005,2026-04-04T03:11:18.819449,,,,fake_debug_only_missing,
..\..\..\carla_data\straight\STRAIGHT_11925_20260404_031119_743396.png,train,1,straight,time_group_005,2026-04-04T03:11:19.743396,0.11478375,0.55398760,0.33122865,fake_debug_only_ground_truth_derived,
..\..\..\carla_data\straight\STRAIGHT_11977_20260404_031121_230800.png,train,1,straight,time_group_005,2026-04-04T03:11:21.230800,0.16221128,0.71221237,0.12557635,fake_debug_only_ground_truth_derived,
..\..\..\carla_data\straight\STRAIGHT_12057_20260404_031123_555642.png,train,1,straight,time_group_005,2026-04-04T03:11:23.555642,0.15760905,0.74866894,0.09372202,fake_debug_only_ground_truth_derived,
..\..\..\carla_data\straight\STRAIGHT_12105_20260404_031124_952455.png,train,1,straight,time_group_005,2026-04-04T03:11:24.952455,0.14942563,0.58781956,0.26275480,fake_debug_only_ground_truth_derived,
..\..\..\carla_data\straight\STRAIGHT_12157_20260404_031126_422604.png,train,1,straight,time_group_005,2026-04-04T03:11:26.422604,0.15307814,0.80698772,0.03993414,fake_debug_only_ground_truth_derived,
..\..\..\carla_data\straight\STRAIGHT_12201_20260404_031127_689622.png,train,1,straight,time_group_005,2026-04-04T03:11:27.689622,0.12883217,0.20092249,0.67024534,fake_debug_only_ground_truth_derived,
..\..\..\carla_data\straight\STRAIGHT_12256_20260404_031129_274421.png,train,1,straight,time_group_005,2026-04-04T03:11:29.274421,0.11745899,0.66446167,0.21807934,fake_debug_only_ground_truth_derived,
..\..\..\carla_data\straight\STRAIGHT_12298_20260404_031130_608557.png,train,1,straight,time_group_005,2026-04-04T03:11:30.608557,0.11825917,0.71823764,0.16350318,fake_debug_only_ground_truth_derived,
..\..\..\carla_data\straight\STRAIGHT_12350_20260404_031132_090964.png,train,1,straight,time_group_005,2026-04-04T03:11:32.090964,0.16305063,0.67863960,0.15830977,fake_debug_only_ground_truth_derived,
..\..\..\carla_data\straight\STRAIGHT_12402_20260404_031133_724199.png,train,1,straight,time_group_005,2026-04-04T03:11:33.724199,0.16975370,0.75361012,0.07663617,fake_debug_only_ground_truth_derived,
..\..\..\carla_data\straight\STRAIGHT_12451_20260404_031135_022826.png,train,1,straight,time_group_005,2026-04-04T03:11:35.022826,0.06076762,0.04587105,0.89336133,fake_debug_only_ground_truth_derived,
..\..\..\carla_data\straight\STRAIGHT_12499_20260404_031136_406542.png,train,1,straight,time_group_005,2026-04-04T03:11:36.406542,0.16623902,0.11252888,0.72123210,fake_debug_only_ground_truth_derived,
..\..\..\carla_data\straight\STRAIGHT_12522_20260404_031137_203417.png,train,1,straight,time_group_005,2026-04-04T03:11:37.203417,0.17191916,0.74671500,0.08136585,fake_debug_only_ground_truth_derived,
..\..\..\carla_data\straight\STRAIGHT_12581_20260404_031138_644540.png,train,1,straight,time_group_005,2026-04-04T03:11:38.644540,0.17319885,0.05611167,0.77068948,fake_debug_only_ground_truth_derived,
..\..\..\carla_data\straight\STRAIGHT_12621_20260404_031139_654298.png,train,1,straight,time_group_005,2026-04-04T03:11:39.654298,0.16726245,0.63431336,0.19842419,fake_debug_only_ground_truth_derived,
..\..\..\carla_data\straight\STRAIGHT_12678_20260404_031141_206862.png,train,1,straight,time_group_005,2026-04-04T03:11:41.206862,0.26954981,0.62394739,0.10650280,fake_debug_only_ground_truth_derived,
..\..\..\carla_data\straight\STRAIGHT_12698_20260404_031141_924546.png,train,1,straight,time_group_005,2026-04-04T03:11:41.924546,0.24414387,0.59784881,0.15800732,fake_debug_only_ground_truth_derived,
..\..\..\carla_data\straight\STRAIGHT_12748_20260404_031143_165303.png,train,1,straight,time_group_005,2026-04-04T03:11:43.165303,0.11545653,0.77780659,0.10673689,fake_debug_only_ground_truth_derived,
..\..\..\carla_data\straight\STRAIGHT_12801_20260404_031144_660294.png,train,1,straight,time_group_005,2026-04-04T03:11:44.660294,0.14801735,0.76237026,0.08961239,fake_debug_only_ground_truth_derived,
..\..\..\carla_data\straight\STRAIGHT_12854_20260404_031146_131899.png,train,1,straight,time_group_005,2026-04-04T03:11:46.131899,0.11615222,0.82906039,0.05478739,fake_debug_only_ground_truth_derived,
..\..\..\carla_data\straight\STRAIGHT_12944_20260404_031148_588482.png,train,1,straight,time_group_005,2026-04-04T03:11:48.588482,0.64812852,0.13357235,0.21829913,fake_debug_only_ground_truth_derived,
..\..\..\carla_data\straight\STRAIGHT_12998_20260404_031150_083479.png,train,1,straight,time_group_005,2026-04-04T03:11:50.083479,0.06952922,0.88708577,0.04338501,fake_debug_only_ground_truth_derived,
..\..\..\carla_data\straight\STRAIGHT_13048_20260404_031151_445531.png,train,1,straight,time_group_005,2026-04-04T03:11:51.445531,0.13501592,0.79254336,0.07244072,fake_debug_only_ground_truth_derived,
..\..\..\carla_data\straight\STRAIGHT_13099_20260404_031152_833584.png,train,1,straight,time_group_005,2026-04-04T03:11:52.833584,0.17341852,0.76797973,0.05860175,fake_debug_only_ground_truth_derived,
..\..\..\carla_data\straight\STRAIGHT_13149_20260404_031154_191323.png,train,1,straight,time_group_005,2026-04-04T03:11:54.191323,0.19778528,0.73010211,0.07211261,fake_debug_only_ground_truth_derived,
..\..\..\carla_data\straight\STRAIGHT_13198_20260404_031155_543233.png,train,1,straight,time_group_005,2026-04-04T03:11:55.543233,,,,fake_debug_only_missing,
..\..\..\carla_data\straight\STRAIGHT_13244_20260404_031156_800213.png,train,1,straight,time_group_005,2026-04-04T03:11:56.800213,0.03878411,0.86504596,0.09616993,fake_debug_only_ground_truth_derived,
..\..\..\carla_data\straight\STRAIGHT_13301_20260404_031158_334241.png,train,1,straight,time_group_005,2026-04-04T03:11:58.334241,0.17693279,0.57035922,0.25270799,fake_debug_only_ground_truth_derived,
..\..\..\carla_data\straight\STRAIGHT_13352_20260404_031159_793503.png,train,1,straight,time_group_005,2026-04-04T03:11:59.793503,0.06518395,0.83591739,0.09889866,fake_debug_only_ground_truth_derived,
..\..\..\carla_data\straight\STRAIGHT_13403_20260404_031201_166744.png,train,1,straight,time_group_005,2026-04-04T03:12:01.166744,,,,fake_debug_only_missing,
..\..\..\carla_data\straight\STRAIGHT_13451_20260404_031202_427626.png,train,1,straight,time_group_005,2026-04-04T03:12:02.427626,0.69799406,0.13888625,0.16311969,fake_debug_only_ground_truth_derived,
..\..\..\carla_data\straight\STRAIGHT_13500_20260404_031203_702592.png,train,1,straight,time_group_005,2026-04-04T03:12:03.702592,0.28995057,0.62862855,0.08142088,fake_debug_only_ground_truth_derived,
..\..\..\carla_data\straight\STRAIGHT_13516_20260404_031204_289081.png,train,1,straight,time_group_005,2026-04-04T03:12:04.289081,0.04660894,0.89715224,0.05623882,fake_debug_only_ground_truth_derived,
..\..\..\carla_data\straight\STRAIGHT_13559_20260404_031205_253220.png,train,1,straight,time_group_005,2026-04-04T03:12:05.253220,0.88895068,0.06414295,0.04690637,fake_debug_only_ground_truth_derived,
..\..\..\carla_data\straight\STRAIGHT_13578_20260404_031205_899026.png,train,1,straight,time_group_005,2026-04-04T03:12:05.899026,0.30846446,0.10941828,0.58211726,fake_debug_only_ground_truth_derived,
..\..\..\carla_data\straight\STRAIGHT_13620_20260404_031206_912985.png,train,1,straight,time_group_005,2026-04-04T03:12:06.912985,0.26564900,0.57758656,0.15676444,fake_debug_only_ground_truth_derived,
..\..\..\carla_data\straight\STRAIGHT_13639_20260404_031207_642957.png,train,1,straight,time_group_005,2026-04-04T03:12:07.642957,0.22787678,0.61024265,0.16188057,fake_debug_only_ground_truth_derived,
..\..\..\carla_data\straight\STRAIGHT_13664_20260404_031208_337918.png,train,1,straight,time_group_005,2026-04-04T03:12:08.337918,0.34381359,0.09551077,0.56067564,fake_debug_only_ground_truth_derived,
..\..\..\carla_data\straight\STRAIGHT_13718_20260404_031209_713664.png,train,1,straight,time_group_005,2026-04-04T03:12:09.713664,0.14649195,0.20301723,0.65049082,fake_debug_only_ground_truth_derived,
..\..\..\carla_data\straight\STRAIGHT_13754_20260404_031210_763249.png,train,1,straight,time_group_005,2026-04-04T03:12:10.763249,,,,fake_debug_only_missing,
..\..\..\carla_data\straight\STRAIGHT_13806_20260404_031212_286341.png,train,1,straight,time_group_005,2026-04-04T03:12:12.286341,0.07893200,0.20020801,0.72086000,fake_debug_only_ground_truth_derived,
..\..\..\carla_data\straight\STRAIGHT_13854_20260404_031213_707358.png,train,1,straight,time_group_005,2026-04-04T03:12:13.707358,0.05238839,0.88938498,0.05822663,fake_debug_only_ground_truth_derived,
..\..\..\carla_data\straight\STRAIGHT_13905_20260404_031215_329568.png,train,1,straight,time_group_005,2026-04-04T03:12:15.329568,0.07479696,0.87575519,0.04944785,fake_debug_only_ground_truth_derived,
..\..\..\carla_data\straight\STRAIGHT_13953_20260404_031216_754133.png,train,1,straight,time_group_005,2026-04-04T03:12:16.754133,0.10069922,0.78871021,0.11059058,fake_debug_only_ground_truth_derived,
..\..\..\carla_data\straight\STRAIGHT_14002_20260404_031218_176076.png,train,1,straight,time_group_005,2026-04-04T03:12:18.176076,0.83475450,0.06247185,0.10277365,fake_debug_only_ground_truth_derived,
..\..\..\carla_data\straight\STRAIGHT_14999_20260404_031247_726572.png,train,1,straight,time_group_006,2026-04-04T03:12:47.726572,,,,fake_debug_only_missing,
..\..\..\carla_data\straight\STRAIGHT_15065_20260404_031249_823487.png,train,1,straight,time_group_006,2026-04-04T03:12:49.823487,,,,fake_debug_only_missing,
..\..\..\carla_data\straight\STRAIGHT_15111_20260404_031251_009006.png,train,1,straight,time_group_006,2026-04-04T03:12:51.009006,0.27989248,0.58807903,0.13202848,fake_debug_only_ground_truth_derived,
..\..\..\carla_data\straight\STRAIGHT_15160_20260404_031252_434690.png,train,1,straight,time_group_006,2026-04-04T03:12:52.434690,0.07609601,0.18463001,0.73927398,fake_debug_only_ground_truth_derived,
..\..\..\carla_data\straight\STRAIGHT_15209_20260404_031253_829277.png,train,1,straight,time_group_006,2026-04-04T03:12:53.829277,0.09414020,0.68714322,0.21871658,fake_debug_only_ground_truth_derived,
..\..\..\carla_data\straight\STRAIGHT_15258_20260404_031255_243286.png,train,1,straight,time_group_006,2026-04-04T03:12:55.243286,0.33945805,0.56616634,0.09437561,fake_debug_only_ground_truth_derived,
..\..\..\carla_data\straight\STRAIGHT_15304_20260404_031256_551534.png,train,1,straight,time_group_006,2026-04-04T03:12:56.551534,0.13824440,0.80635358,0.05540201,fake_debug_only_ground_truth_derived,
..\..\..\carla_data\straight\STRAIGHT_15354_20260404_031257_937297.png,train,1,straight,time_group_006,2026-04-04T03:12:57.937297,0.03957040,0.88537120,0.07505840,fake_debug_only_ground_truth_derived,
..\..\..\carla_data\straight\STRAIGHT_15404_20260404_031259_330372.png,train,1,straight,time_group_006,2026-04-04T03:12:59.330372,0.12525570,0.63488584,0.23985846,fake_debug_only_ground_truth_derived,
..\..\..\carla_data\straight\STRAIGHT_15421_20260404_031300_031648.png,train,1,straight,time_group_006,2026-04-04T03:13:00.031648,0.15223918,0.56444952,0.28331129,fake_debug_only_ground_truth_derived,
..\..\..\carla_data\straight\STRAIGHT_15472_20260404_031301_373723.png,train,1,straight,time_group_006,2026-04-04T03:13:01.373723,0.19926910,0.58980102,0.21092988,fake_debug_only_ground_truth_derived,
..\..\..\carla_data\straight\STRAIGHT_15500_20260404_031302_032984.png,train,1,straight,time_group_006,2026-04-04T03:13:02.032984,0.09118446,0.72463424,0.18418130,fake_debug_only_ground_truth_derived,
..\..\..\carla_data\straight\STRAIGHT_15552_20260404_031303_321862.png,train,1,straight,time_group_006,2026-04-04T03:13:03.321862,0.06608726,0.82461076,0.10930198,fake_debug_only_ground_truth_derived,
..\..\..\carla_data\straight\STRAIGHT_15589_20260404_031304_330228.png,train,1,straight,time_group_006,2026-04-04T03:13:04.330228,0.13038902,0.81844510,0.05116588,fake_debug_only_ground_truth_derived,
..\..\..\carla_data\straight\STRAIGHT_15642_20260404_031305_811867.png,train,1,straight,time_group_006,2026-04-04T03:13:05.811867,0.04367391,0.85433103,0.10199506,fake_debug_only_ground_truth_derived,
..\..\..\carla_data\straight\STRAIGHT_15664_20260404_031306_457703.png,train,1,straight,time_group_006,2026-04-04T03:13:06.457703,0.09270128,0.83204407,0.07525465,fake_debug_only_ground_truth_derived,
..\..\..\carla_data\straight\STRAIGHT_15684_20260404_031307_084288.png,train,1,straight,time_group_006,2026-04-04T03:13:07.084288,0.11392950,0.83271286,0.05335764,fake_debug_only_ground_truth_derived,
..\..\..\carla_data\straight\STRAIGHT_15714_20260404_031307_802637.png,train,1,straight,time_group_006,2026-04-04T03:13:07.802637,0.03751826,0.89175012,0.07073161,fake_debug_only_ground_truth_derived,
..\..\..\carla_data\straight\STRAIGHT_15788_20260404_031309_925093.png,train,1,straight,time_group_006,2026-04-04T03:13:09.925093,,,,fake_debug_only_missing,
..\..\..\carla_data\straight\STRAIGHT_15835_20260404_031311_256831.png,train,1,straight,time_group_006,2026-04-04T03:13:11.256831,0.15146162,0.64323621,0.20530217,fake_debug_only_ground_truth_derived,
..\..\..\carla_data\straight\STRAIGHT_15887_20260404_031312_702864.png,train,1,straight,time_group_006,2026-04-04T03:13:12.702864,0.62649331,0.26343197,0.11007472,fake_debug_only_ground_truth_derived,
..\..\..\carla_data\straight\STRAIGHT_15943_20260404_031314_270452.png,train,1,straight,time_group_006,2026-04-04T03:13:14.270452,0.07163849,0.86478705,0.06357447,fake_debug_only_ground_truth_derived,
..\..\..\carla_data\straight\STRAIGHT_15989_20260404_031315_670210.png,train,1,straight,time_group_006,2026-04-04T03:13:15.670210,,,,fake_debug_only_missing,
..\..\..\carla_data\straight\STRAIGHT_16037_20260404_031316_998288.png,train,1,straight,time_group_006,2026-04-04T03:13:16.998288,0.07929006,0.07639638,0.84431356,fake_debug_only_ground_truth_derived,
..\..\..\carla_data\straight\STRAIGHT_16091_20260404_031318_445232.png,train,1,straight,time_group_006,2026-04-04T03:13:18.445232,0.77765144,0.17401299,0.04833556,fake_debug_only_ground_truth_derived,
..\..\..\carla_data\straight\STRAIGHT_16142_20260404_031319_805423.png,train,1,straight,time_group_006,2026-04-04T03:13:19.805423,,,,fake_debug_only_missing,
..\..\..\carla_data\straight\STRAIGHT_16197_20260404_031321_238882.png,train,1,straight,time_group_006,2026-04-04T03:13:21.238882,,,,fake_debug_only_missing,
..\..\..\carla_data\straight\STRAIGHT_16284_20260404_031323_537845.png,train,1,straight,time_group_006,2026-04-04T03:13:23.537845,0.25533311,0.55255599,0.19211090,fake_debug_only_ground_truth_derived,
..\..\..\carla_data\straight\STRAIGHT_16338_20260404_031324_953618.png,train,1,straight,time_group_006,2026-04-04T03:13:24.953618,,,,fake_debug_only_missing,
..\..\..\carla_data\straight\STRAIGHT_16392_20260404_031326_342903.png,train,1,straight,time_group_006,2026-04-04T03:13:26.342903,0.10809296,0.79524631,0.09666073,fake_debug_only_ground_truth_derived,
..\..\..\carla_data\straight\STRAIGHT_16443_20260404_031327_622943.png,train,1,straight,time_group_006,2026-04-04T03:13:27.622943,0.12972109,0.73907576,0.13120315,fake_debug_only_ground_truth_derived,
..\..\..\carla_data\straight\STRAIGHT_16525_20260404_031329_800723.png,train,1,straight,time_group_006,2026-04-04T03:13:29.800723,,,,fake_debug_only_missing,
..\..\..\carla_data\straight\STRAIGHT_16545_20260404_031330_505476.png,train,1,straight,time_group_006,2026-04-04T03:13:30.505476,0.09932627,0.71240812,0.18826561,fake_debug_only_ground_truth_derived,
..\..\..\carla_data\straight\STRAIGHT_16595_20260404_031331_646156.png,train,1,straight,time_group_006,2026-04-04T03:13:31.646156,,,,fake_debug_only_missing,
..\..\..\carla_data\straight\STRAIGHT_16614_20260404_031332_332364.png,train,1,straight,time_group_006,2026-04-04T03:13:32.332364,0.06565298,0.78620390,0.14814311,fake_debug_only_ground_truth_derived,
..\..\..\carla_data\straight\STRAIGHT_16677_20260404_031333_930835.png,train,1,straight,time_group_006,2026-04-04T03:13:33.930835,0.10993769,0.72669664,0.16336567,fake_debug_only_ground_truth_derived,
..\..\..\carla_data\straight\STRAIGHT_16713_20260404_031334_971107.png,train,1,straight,time_group_006,2026-04-04T03:13:34.971107,0.09984992,0.60912057,0.29102951,fake_debug_only_ground_truth_derived,
..\..\..\carla_data\straight\STRAIGHT_16760_20260404_031336_354627.png,train,1,straight,time_group_006,2026-04-04T03:13:36.354627,0.89333907,0.05761128,0.04904964,fake_debug_only_ground_truth_derived,
..\..\..\carla_data\straight\STRAIGHT_16807_20260404_031337_758775.png,train,1,straight,time_group_006,2026-04-04T03:13:37.758775,0.11822779,0.83632731,0.04544490,fake_debug_only_ground_truth_derived,
..\..\..\carla_data\straight\STRAIGHT_16858_20260404_031339_306392.png,train,1,straight,time_group_006,2026-04-04T03:13:39.306392,0.72324224,0.07450931,0.20224845,fake_debug_only_ground_truth_derived,
..\..\..\carla_data\straight\STRAIGHT_16897_20260404_031340_460467.png,train,1,straight,time_group_006,2026-04-04T03:13:40.460467,,,,fake_debug_only_missing,
..\..\..\carla_data\straight\STRAIGHT_16955_20260404_031342_198392.png,train,1,straight,time_group_006,2026-04-04T03:13:42.198392,0.13842817,0.09132785,0.77024398,fake_debug_only_ground_truth_derived,
..\..\..\carla_data\straight\STRAIGHT_17005_20260404_031343_671078.png,train,1,straight,time_group_006,2026-04-04T03:13:43.671078,0.80990386,0.10545701,0.08463912,fake_debug_only_ground_truth_derived,
..\..\..\carla_data\straight\STRAIGHT_17047_20260404_031344_997004.png,train,1,straight,time_group_006,2026-04-04T03:13:44.997004,0.11028810,0.68203412,0.20767778,fake_debug_only_ground_truth_derived,
..\..\..\carla_data\straight\STRAIGHT_17100_20260404_031346_562682.png,train,1,straight,time_group_006,2026-04-04T03:13:46.562682,0.11442160,0.78805299,0.09752542,fake_debug_only_ground_truth_derived,
..\..\..\carla_data\straight\STRAIGHT_17146_20260404_031347_910786.png,train,1,straight,time_group_006,2026-04-04T03:13:47.910786,0.04446501,0.89035349,0.06518151,fake_debug_only_ground_truth_derived,
..\..\..\carla_data\straight\STRAIGHT_17192_20260404_031349_257105.png,train,1,straight,time_group_006,2026-04-04T03:13:49.257105,0.08416282,0.75646781,0.15936938,fake_debug_only_ground_truth_derived,
..\..\..\carla_data\straight\STRAIGHT_17239_20260404_031350_631219.png,train,1,straight,time_group_006,2026-04-04T03:13:50.631219,0.11339620,0.29700683,0.58959697,fake_debug_only_ground_truth_derived,
..\..\..\carla_data\straight\STRAIGHT_17288_20260404_031352_085687.png,train,1,straight,time_group_006,2026-04-04T03:13:52.085687,0.10793387,0.69269910,0.19936703,fake_debug_only_ground_truth_derived,
..\..\..\carla_data\straight\STRAIGHT_17318_20260404_031353_098492.png,train,1,straight,time_group_006,2026-04-04T03:13:53.098492,0.23048071,0.60269772,0.16682157,fake_debug_only_ground_truth_derived,
..\..\..\carla_data\straight\STRAIGHT_17336_20260404_031353_682652.png,train,1,straight,time_group_006,2026-04-04T03:13:53.682652,,,,fake_debug_only_missing,
..\..\..\carla_data\straight\STRAIGHT_17368_20260404_031354_567456.png,train,1,straight,time_group_006,2026-04-04T03:13:54.567456,0.07405787,0.84118149,0.08476064,fake_debug_only_ground_truth_derived,
..\..\..\carla_data\straight\STRAIGHT_17413_20260404_031355_667244.png,train,1,straight,time_group_006,2026-04-04T03:13:55.667244,,,,fake_debug_only_missing,
..\..\..\carla_data\straight\STRAIGHT_17472_20260404_031357_292669.png,train,1,straight,time_group_006,2026-04-04T03:13:57.292669,0.11508377,0.81926370,0.06565253,fake_debug_only_ground_truth_derived,
..\..\..\carla_data\straight\STRAIGHT_17525_20260404_031358_766960.png,train,1,straight,time_group_006,2026-04-04T03:13:58.766960,0.08529438,0.80887055,0.10583507,fake_debug_only_ground_truth_derived,
..\..\..\carla_data\straight\STRAIGHT_17541_20260404_031359_403002.png,train,1,straight,time_group_006,2026-04-04T03:13:59.403002,0.22195500,0.60885324,0.16919176,fake_debug_only_ground_truth_derived,
..\..\..\carla_data\straight\STRAIGHT_17579_20260404_031400_415794.png,train,1,straight,time_group_006,2026-04-04T03:14:00.415794,,,,fake_debug_only_missing,
..\..\..\carla_data\straight\STRAIGHT_17607_20260404_031401_221332.png,train,1,straight,time_group_006,2026-04-04T03:14:01.221332,0.13158713,0.79939981,0.06901306,fake_debug_only_ground_truth_derived,
..\..\..\carla_data\straight\STRAIGHT_17643_20260404_031402_258808.png,train,1,straight,time_group_006,2026-04-04T03:14:02.258808,0.10225948,0.28968345,0.60805707,fake_debug_only_ground_truth_derived,
..\..\..\carla_data\straight\STRAIGHT_17679_20260404_031403_324692.png,train,1,straight,time_group_006,2026-04-04T03:14:03.324692,0.09801467,0.77558885,0.12639648,fake_debug_only_ground_truth_derived,
..\..\..\carla_data\left\MANUAL_LEFT_20260404_232216_250707.png,train,0,left,time_group_007,2026-04-04T23:22:16.250707,0.74002509,0.20342201,0.05655290,fake_debug_only_ground_truth_derived,
..\..\..\carla_data\right\MANUAL_RIGHT_20260404_232221_314498.png,train,2,right,time_group_007,2026-04-04T23:22:21.314498,0.04396477,0.08327052,0.87276471,fake_debug_only_ground_truth_derived,
..\..\..\carla_data\left\MANUAL_LEFT_20260404_232229_116081.png,train,0,left,time_group_007,2026-04-04T23:22:29.116081,0.76741745,0.07378314,0.15879942,fake_debug_only_ground_truth_derived,
..\..\..\carla_data\right\MANUAL_RIGHT_20260404_232237_515471.png,train,2,right,time_group_007,2026-04-04T23:22:37.515471,0.11524749,0.13158943,0.75316308,fake_debug_only_ground_truth_derived,
..\..\..\carla_data\right\MANUAL_RIGHT_20260404_232245_939326.png,train,2,right,time_group_007,2026-04-04T23:22:45.939326,0.16496568,0.26432335,0.57071097,fake_debug_only_ground_truth_derived,
..\..\..\carla_data\right\MANUAL_RIGHT_20260404_232255_429958.png,train,2,right,time_group_007,2026-04-04T23:22:55.429958,,,,fake_debug_only_missing,
..\..\..\carla_data\left\MANUAL_LEFT_20260404_232451_206423.png,train,0,left,time_group_008,2026-04-04T23:24:51.206423,0.65428132,0.15502530,0.19069338,fake_debug_only_ground_truth_derived,
..\..\..\carla_data\left\MANUAL_LEFT_20260404_232455_004345.png,train,0,left,time_group_008,2026-04-04T23:24:55.004345,0.73720546,0.18333569,0.07945885,fake_debug_only_ground_truth_derived,
..\..\..\carla_data\right\MANUAL_RIGHT_20260404_232500_025513.png,train,2,right,time_group_008,2026-04-04T23:25:00.025513,0.16821377,0.04909521,0.78269102,fake_debug_only_ground_truth_derived,
..\..\..\carla_data\right\MANUAL_RIGHT_20260404_232507_759238.png,train,2,right,time_group_008,2026-04-04T23:25:07.759238,0.09642405,0.81293338,0.09064257,fake_debug_only_ground_truth_derived,
..\..\..\carla_data\right\MANUAL_RIGHT_20260404_232517_973400.png,train,2,right,time_group_008,2026-04-04T23:25:17.973400,,,,fake_debug_only_missing,
..\..\..\carla_data\left\MANUAL_LEFT_20260404_232529_295666.png,train,0,left,time_group_008,2026-04-04T23:25:29.295666,0.86229791,0.05763159,0.08007051,fake_debug_only_ground_truth_derived,
..\..\..\carla_data\right\MANUAL_RIGHT_20260404_232534_251443.png,train,2,right,time_group_008,2026-04-04T23:25:34.251443,0.10152645,0.14386251,0.75461105,fake_debug_only_ground_truth_derived,
..\..\..\carla_data\right\MANUAL_RIGHT_20260404_232542_000510.png,train,2,right,time_group_008,2026-04-04T23:25:42.000510,0.63264372,0.11200425,0.25535203,fake_debug_only_ground_truth_derived,
..\..\..\carla_data\left\MANUAL_LEFT_20260404_232553_108654.png,train,0,left,time_group_008,2026-04-04T23:25:53.108654,0.83491884,0.07614675,0.08893441,fake_debug_only_ground_truth_derived,
..\..\..\carla_data\right\MANUAL_RIGHT_20260404_232600_711615.png,train,2,right,time_group_008,2026-04-04T23:26:00.711615,0.10968128,0.31071596,0.57960276,fake_debug_only_ground_truth_derived,
..\..\..\carla_data\left\MANUAL_LEFT_20260404_232608_080123.png,train,0,left,time_group_008,2026-04-04T23:26:08.080123,0.76052111,0.13926968,0.10020921,fake_debug_only_ground_truth_derived,
..\..\..\carla_data\left\MANUAL_LEFT_20260404_232616_424711.png,train,0,left,time_group_008,2026-04-04T23:26:16.424711,0.69572729,0.11949324,0.18477947,fake_debug_only_ground_truth_derived,
..\..\..\carla_data\right\MANUAL_RIGHT_20260404_232616_883051.png,train,2,right,time_group_008,2026-04-04T23:26:16.883051,0.17287159,0.25391635,0.57321206,fake_debug_only_ground_truth_derived,
..\..\..\carla_data\left\MANUAL_LEFT_20260404_232650_938607.png,train,0,left,time_group_009,2026-04-04T23:26:50.938607,0.58484039,0.10930636,0.30585325,fake_debug_only_ground_truth_derived,
..\..\..\carla_data\right\MANUAL_RIGHT_20260404_232702_224517.png,train,2,right,time_group_009,2026-04-04T23:27:02.224517,0.10207472,0.66930912,0.22861616,fake_debug_only_ground_truth_derived,
..\..\..\carla_data\left\MANUAL_LEFT_20260404_232707_030840.png,train,0,left,time_group_009,2026-04-04T23:27:07.030840,,,,fake_debug_only_missing,
..\..\..\carla_data\right\MANUAL_RIGHT_20260404_232722_115352.png,train,2,right,time_group_009,2026-04-04T23:27:22.115352,0.08793462,0.02938948,0.88267590,fake_debug_only_ground_truth_derived,
..\..\..\carla_data\right\MANUAL_RIGHT_20260404_232730_901270.png,train,2,right,time_group_009,2026-04-04T23:27:30.901270,0.06941495,0.03702484,0.89356021,fake_debug_only_ground_truth_derived,
..\..\..\carla_data\right\MANUAL_RIGHT_20260404_232737_814566.png,train,2,right,time_group_009,2026-04-04T23:27:37.814566,0.20880777,0.07887239,0.71231984,fake_debug_only_ground_truth_derived,
..\..\..\carla_data\left\MANUAL_LEFT_20260404_232745_304512.png,train,0,left,time_group_009,2026-04-04T23:27:45.304512,,,,fake_debug_only_missing,
..\..\..\carla_data\left\MANUAL_LEFT_20260404_232749_688859.png,train,0,left,time_group_009,2026-04-04T23:27:49.688859,0.67304154,0.08472337,0.24223509,fake_debug_only_ground_truth_derived,
..\..\..\carla_data\left\MANUAL_LEFT_20260404_232753_903021.png,train,0,left,time_group_009,2026-04-04T23:27:53.903021,,,,fake_debug_only_missing,
..\..\..\carla_data\left\MANUAL_LEFT_20260404_232808_907671.png,train,0,left,time_group_009,2026-04-04T23:28:08.907671,0.63950852,0.18998468,0.17050681,fake_debug_only_ground_truth_derived,
..\..\..\carla_data\left\MANUAL_LEFT_20260404_232817_738027.png,train,0,left,time_group_009,2026-04-04T23:28:17.738027,0.88291630,0.02418716,0.09289654,fake_debug_only_ground_truth_derived,
..\..\..\carla_data\left\MANUAL_LEFT_20260404_232827_219385.png,train,0,left,time_group_009,2026-04-04T23:28:27.219385,0.65763615,0.22788189,0.11448196,fake_debug_only_ground_truth_derived,
..\..\..\carla_data\left\MANUAL_LEFT_20260404_232834_837884.png,train,0,left,time_group_009,2026-04-04T23:28:34.837884,0.62925064,0.28162432,0.08912504,fake_debug_only_ground_truth_derived,
..\..\..\carla_data\left\MANUAL_LEFT_20260404_232852_007380.png,train,0,left,time_group_009,2026-04-04T23:28:52.007380,,,,fake_debug_only_missing,
..\..\..\carla_data\left\MANUAL_LEFT_20260404_232901_039156.png,train,0,left,time_group_009,2026-04-04T23:29:01.039156,0.81890927,0.06492596,0.11616477,fake_debug_only_ground_truth_derived,
..\..\..\carla_data\left\MANUAL_LEFT_20260404_232907_321282.png,train,0,left,time_group_009,2026-04-04T23:29:07.321282,0.75243590,0.08426139,0.16330270,fake_debug_only_ground_truth_derived,
..\..\..\carla_data\left\MANUAL_LEFT_20260404_232911_314745.png,train,0,left,time_group_009,2026-04-04T23:29:11.314745,0.73464924,0.09335973,0.17199103,fake_debug_only_ground_truth_derived,
..\..\..\carla_data\left\MANUAL_LEFT_20260404_232919_795772.png,train,0,left,time_group_009,2026-04-04T23:29:19.795772,0.71103182,0.12947084,0.15949734,fake_debug_only_ground_truth_derived,
..\..\..\carla_data\right\MANUAL_RIGHT_20260404_232925_110482.png,train,2,right,time_group_009,2026-04-04T23:29:25.110482,0.13431180,0.06798313,0.79770507,fake_debug_only_ground_truth_derived,
..\..\..\carla_data\left\MANUAL_LEFT_20260404_232933_600766.png,train,0,left,time_group_009,2026-04-04T23:29:33.600766,0.83516920,0.06352223,0.10130857,fake_debug_only_ground_truth_derived,
..\..\..\carla_data\left\MANUAL_LEFT_20260404_232936_903772.png,train,0,left,time_group_009,2026-04-04T23:29:36.903772,0.76224384,0.04782737,0.18992879,fake_debug_only_ground_truth_derived,
..\..\..\carla_data\left\MANUAL_LEFT_20260404_233008_586698.png,train,0,left,time_group_010,2026-04-04T23:30:08.586698,0.79401070,0.13117460,0.07481470,fake_debug_only_ground_truth_derived,
..\..\..\carla_data\left\MANUAL_LEFT_20260404_233021_945858.png,train,0,left,time_group_010,2026-04-04T23:30:21.945858,0.66775387,0.19541796,0.13682817,fake_debug_only_ground_truth_derived,
..\..\..\carla_data\left\MANUAL_LEFT_20260404_233027_856907.png,train,0,left,time_group_010,2026-04-04T23:30:27.856907,0.78647019,0.16770892,0.04582089,fake_debug_only_ground_truth_derived,
..\..\..\carla_data\left\MANUAL_LEFT_20260404_233043_947955.png,train,0,left,time_group_010,2026-04-04T23:30:43.947955,0.13296005,0.11251710,0.75452285,fake_debug_only_ground_truth_derived,
..\..\..\carla_data\left\MANUAL_LEFT_20260404_233053_361569.png,train,0,left,time_group_010,2026-04-04T23:30:53.361569,0.13006940,0.06250990,0.80742070,fake_debug_only_ground_truth_derived,
..\..\..\carla_data\left\MANUAL_LEFT_20260404_233100_026005.png,train,0,left,time_group_010,2026-04-04T23:31:00.026005,0.69467443,0.06912933,0.23619624,fake_debug_only_ground_truth_derived,
..\..\..\carla_data\left\MANUAL_LEFT_20260404_233104_580396.png,train,0,left,time_group_010,2026-04-04T23:31:04.580396,,,,fake_debug_only_missing,
..\..\..\carla_data\left\MANUAL_LEFT_20260404_233124_358951.png,train,0,left,time_group_010,2026-04-04T23:31:24.358951,0.74064258,0.06037866,0.19897876,fake_debug_only_ground_truth_derived,
..\..\..\carla_data\left\MANUAL_LEFT_20260404_233223_408354.png,train,0,left,time_group_011,2026-04-04T23:32:23.408354,0.68437608,0.23630506,0.07931886,fake_debug_only_ground_truth_derived,
..\..\..\carla_data\left\MANUAL_LEFT_20260404_233238_251237.png,train,0,left,time_group_011,2026-04-04T23:32:38.251237,0.62218390,0.08863633,0.28917977,fake_debug_only_ground_truth_derived,
..\..\..\carla_data\left\MANUAL_LEFT_20260404_233244_377630.png,train,0,left,time_group_011,2026-04-04T23:32:44.377630,0.67849215,0.23201958,0.08948827,fake_debug_only_ground_truth_derived,
..\..\..\carla_data\left\MANUAL_LEFT_20260404_233256_377310.png,train,0,left,time_group_011,2026-04-04T23:32:56.377310,0.78654503,0.11140973,0.10204524,fake_debug_only_ground_truth_derived,
..\..\..\carla_data\left\MANUAL_LEFT_20260404_233309_400298.png,train,0,left,time_group_011,2026-04-04T23:33:09.400298,0.59442868,0.29383854,0.11173278,fake_debug_only_ground_truth_derived,
..\..\..\carla_data\left\MANUAL_LEFT_20260404_233436_234724.png,train,0,left,time_group_013,2026-04-04T23:34:36.234724,0.57338467,0.11217338,0.31444195,fake_debug_only_ground_truth_derived,
..\..\..\carla_data\left\MANUAL_LEFT_20260404_233451_340499.png,train,0,left,time_group_013,2026-04-04T23:34:51.340499,0.20303671,0.23408551,0.56287777,fake_debug_only_ground_truth_derived,
..\..\..\carla_data\right\MANUAL_RIGHT_20260404_233501_105571.png,train,2,right,time_group_013,2026-04-04T23:35:01.105571,0.12968288,0.69313382,0.17718330,fake_debug_only_ground_truth_derived,
..\..\..\carla_data\right\MANUAL_RIGHT_20260404_233509_179062.png,train,2,right,time_group_013,2026-04-04T23:35:09.179062,0.87577695,0.05575031,0.06847274,fake_debug_only_ground_truth_derived,
..\..\..\carla_data\left\MANUAL_LEFT_20260404_233513_008136.png,train,0,left,time_group_013,2026-04-04T23:35:13.008136,0.89478641,0.03145818,0.07375541,fake_debug_only_ground_truth_derived,
..\..\..\carla_data\left\MANUAL_LEFT_20260404_233517_138838.png,train,0,left,time_group_013,2026-04-04T23:35:17.138838,0.70868627,0.15861483,0.13269891,fake_debug_only_ground_truth_derived,
..\..\..\carla_data\left\MANUAL_LEFT_20260404_233517_613741.png,train,0,left,time_group_013,2026-04-04T23:35:17.613741,0.77258698,0.15251555,0.07489747,fake_debug_only_ground_truth_derived,
..\..\..\carla_data\left\MANUAL_LEFT_20260404_233528_033227.png,train,0,left,time_group_013,2026-04-04T23:35:28.033227,0.10840364,0.70041312,0.19118324,fake_debug_only_ground_truth_derived,
..\..\..\carla_data\left\MANUAL_LEFT_20260404_233535_361888.png,train,0,left,time_group_013,2026-04-04T23:35:35.361888,0.60276053,0.15604465,0.24119482,fake_debug_only_ground_truth_derived,
..\..\..\carla_data\left\MANUAL_LEFT_20260404_233543_502850.png,train,0,left,time_group_013,2026-04-04T23:35:43.502850,0.56086353,0.11498077,0.32415569,fake_debug_only_ground_truth_derived,
..\..\..\carla_data\left\MANUAL_LEFT_20260404_233552_437846.png,train,0,left,time_group_013,2026-04-04T23:35:52.437846,0.68681967,0.07667131,0.23650902,fake_debug_only_ground_truth_derived,
..\..\..\carla_data\right\MANUAL_RIGHT_20260404_233559_436272.png,train,2,right,time_group_013,2026-04-04T23:35:59.436272,0.07884179,0.13664956,0.78450865,fake_debug_only_ground_truth_derived,
..\..\..\carla_data\right\MANUAL_RIGHT_20260405_000305_036767.png,train,2,right,time_group_017,2026-04-05T00:03:05.036767,0.21853859,0.19896977,0.58249164,fake_debug_only_ground_truth_derived,
..\..\..\carla_data\right\MANUAL_RIGHT_20260405_000312_562823.png,train,2,right,time_group_017,2026-04-05T00:03:12.562823,0.09979442,0.10881036,0.79139522,fake_debug_only_ground_truth_derived,
..\..\..\carla_data\left\MANUAL_LEFT_20260405_000328_730317.png,train,0,left,time_group_017,2026-04-05T00:03:28.730317,0.12350828,0.60978165,0.26671007,fake_debug_only_ground_truth_derived,
..\..\..\carla_data\left\MANUAL_LEFT_20260405_000804_418847.png,train,0,left,time_group_018,2026-04-05T00:08:04.418847,0.63798239,0.21287813,0.14913948,fake_debug_only_ground_truth_derived,
..\..\..\carla_data\left\MANUAL_LEFT_20260405_000812_176899.png,train,0,left,time_group_018,2026-04-05T00:08:12.176899,0.61229373,0.16119981,0.22650646,fake_debug_only_ground_truth_derived,
..\..\..\carla_data\left\MANUAL_LEFT_20260405_000849_071550.png,train,0,left,time_group_019,2026-04-05T00:08:49.071550,,,,fake_debug_only_missing,
..\..\..\carla_data\left\MANUAL_LEFT_20260405_000857_685616.png,train,0,left,time_group_019,2026-04-05T00:08:57.685616,0.89744881,0.06963128,0.03291991,fake_debug_only_ground_truth_derived,
..\..\..\carla_data\right\MANUAL_RIGHT_20260405_000925_055861.png,train,2,right,time_group_020,2026-04-05T00:09:25.055861,0.18110013,0.07450980,0.74439007,fake_debug_only_ground_truth_derived,
..\..\..\carla_data\right\MANUAL_RIGHT_20260405_000933_136994.png,train,2,right,time_group_020,2026-04-05T00:09:33.136994,0.05018965,0.17751062,0.77229972,fake_debug_only_ground_truth_derived,
..\..\..\carla_data\right\MANUAL_RIGHT_20260405_000944_688315.png,train,2,right,time_group_020,2026-04-05T00:09:44.688315,0.21066749,0.10192285,0.68740966,fake_debug_only_ground_truth_derived,
..\..\..\carla_data\right\MANUAL_RIGHT_20260405_000950_069267.png,train,2,right,time_group_020,2026-04-05T00:09:50.069267,0.12163335,0.22094005,0.65742660,fake_debug_only_ground_truth_derived,
..\..\..\carla_data\right\MANUAL_RIGHT_20260405_000957_741721.png,train,2,right,time_group_020,2026-04-05T00:09:57.741721,0.10460318,0.17782646,0.71757036,fake_debug_only_ground_truth_derived,
..\..\..\carla_data\left\MANUAL_LEFT_20260405_001010_746680.png,train,0,left,time_group_020,2026-04-05T00:10:10.746680,0.04717320,0.87408824,0.07873856,fake_debug_only_ground_truth_derived,
..\..\..\carla_data\left\MANUAL_LEFT_20260405_001130_158663.png,train,0,left,time_group_022,2026-04-05T00:11:30.158663,0.02522963,0.87799904,0.09677133,fake_debug_only_ground_truth_derived,
..\..\..\carla_data\left\MANUAL_LEFT_20260405_001137_670710.png,train,0,left,time_group_022,2026-04-05T00:11:37.670710,0.76913549,0.09027650,0.14058801,fake_debug_only_ground_truth_derived,
..\..\..\carla_data\right\MANUAL_RIGHT_20260405_001153_861634.png,train,2,right,time_group_022,2026-04-05T00:11:53.861634,0.11061303,0.78905422,0.10033274,fake_debug_only_ground_truth_derived,
..\..\..\carla_data\left\MANUAL_LEFT_20260405_001203_555221.png,train,0,left,time_group_022,2026-04-05T00:12:03.555221,0.84468632,0.08472126,0.07059242,fake_debug_only_ground_truth_derived,
..\..\..\carla_data\left\MANUAL_LEFT_20260405_001208_173804.png,train,0,left,time_group_022,2026-04-05T00:12:08.173804,0.79148635,0.04949594,0.15901771,fake_debug_only_ground_truth_derived,
..\..\..\carla_data\left\MANUAL_LEFT_20260405_001211_169329.png,train,0,left,time_group_022,2026-04-05T00:12:11.169329,0.09177663,0.73957049,0.16865288,fake_debug_only_ground_truth_derived,
..\..\..\carla_data\right\MANUAL_RIGHT_20260405_001212_702962.png,train,2,right,time_group_022,2026-04-05T00:12:12.702962,0.22134125,0.08777326,0.69088549,fake_debug_only_ground_truth_derived,
..\..\..\carla_data\right\MANUAL_RIGHT_20260405_001215_186189.png,train,2,right,time_group_022,2026-04-05T00:12:15.186189,,,,fake_debug_only_missing,
..\..\..\carla_data\left\MANUAL_LEFT_20260405_001220_416113.png,train,0,left,time_group_022,2026-04-05T00:12:20.416113,0.22672251,0.70168471,0.07159279,fake_debug_only_ground_truth_derived,
..\..\..\carla_data\right\MANUAL_RIGHT_20260405_001613_656987.png,train,2,right,time_group_023,2026-04-05T00:16:13.656987,,,,fake_debug_only_missing,
..\..\..\carla_data\right\MANUAL_RIGHT_20260405_001618_746918.png,train,2,right,time_group_023,2026-04-05T00:16:18.746918,0.07080531,0.07553242,0.85366227,fake_debug_only_ground_truth_derived,
..\..\..\carla_data\right\MANUAL_RIGHT_20260405_001626_550331.png,train,2,right,time_group_023,2026-04-05T00:16:26.550331,0.04119340,0.88510430,0.07370229,fake_debug_only_ground_truth_derived,
..\..\..\carla_data\right\MANUAL_RIGHT_20260405_001635_461311.png,train,2,right,time_group_023,2026-04-05T00:16:35.461311,0.29874819,0.07859041,0.62266140,fake_debug_only_ground_truth_derived,
..\..\..\carla_data\right\MANUAL_RIGHT_20260405_001642_486860.png,train,2,right,time_group_023,2026-04-05T00:16:42.486860,0.26246974,0.14508991,0.59244035,fake_debug_only_ground_truth_derived,
..\..\..\carla_data\right\MANUAL_RIGHT_20260405_001642_981328.png,train,2,right,time_group_023,2026-04-05T00:16:42.981328,0.21277220,0.09941204,0.68781576,fake_debug_only_ground_truth_derived,
..\..\..\carla_data\right\MANUAL_RIGHT_20260405_001646_280448.png,train,2,right,time_group_023,2026-04-05T00:16:46.280448,0.25191310,0.61277666,0.13531024,fake_debug_only_ground_truth_derived,
..\..\..\carla_data\right\MANUAL_RIGHT_20260405_001654_839850.png,train,2,right,time_group_023,2026-04-05T00:16:54.839850,0.16626892,0.62032554,0.21340554,fake_debug_only_ground_truth_derived,
..\..\..\carla_data\right\MANUAL_RIGHT_20260405_001727_477993.png,train,2,right,time_group_024,2026-04-05T00:17:27.477993,0.13990760,0.64162722,0.21846518,fake_debug_only_ground_truth_derived,
..\..\..\carla_data\right\MANUAL_RIGHT_20260405_001753_451070.png,train,2,right,time_group_025,2026-04-05T00:17:53.451070,0.18374057,0.74247029,0.07378914,fake_debug_only_ground_truth_derived,
..\..\..\carla_data\left\MANUAL_LEFT_20260405_001756_039335.png,train,0,left,time_group_025,2026-04-05T00:17:56.039335,0.71099259,0.09605661,0.19295079,fake_debug_only_ground_truth_derived,
..\..\..\carla_data\right\MANUAL_RIGHT_20260405_001802_199228.png,train,2,right,time_group_025,2026-04-05T00:18:02.199228,0.13556188,0.71327837,0.15115975,fake_debug_only_ground_truth_derived,
..\..\..\carla_data\right\MANUAL_RIGHT_20260405_001806_615267.png,train,2,right,time_group_025,2026-04-05T00:18:06.615267,0.11979038,0.79292185,0.08728777,fake_debug_only_ground_truth_derived,
..\..\..\carla_data\right\MANUAL_RIGHT_20260405_001810_896048.png,train,2,right,time_group_025,2026-04-05T00:18:10.896048,0.22788240,0.66764857,0.10446903,fake_debug_only_ground_truth_derived,
..\..\..\carla_data\right\MANUAL_RIGHT_20260405_001823_429898.png,train,2,right,time_group_025,2026-04-05T00:18:23.429898,0.08545965,0.81065934,0.10388102,fake_debug_only_ground_truth_derived,
..\..\..\carla_data\left\MANUAL_LEFT_20260405_001831_200964.png,train,0,left,time_group_025,2026-04-05T00:18:31.200964,0.59171153,0.09517012,0.31311835,fake_debug_only_ground_truth_derived,
..\..\..\carla_data\left\MANUAL_LEFT_20260405_001839_905295.png,train,0,left,time_group_025,2026-04-05T00:18:39.905295,0.66397437,0.18356174,0.15246389,fake_debug_only_ground_truth_derived,
..\..\..\carla_data\left\MANUAL_LEFT_20260405_001849_045842.png,train,0,left,time_group_025,2026-04-05T00:18:49.045842,0.76495292,0.08511456,0.14993252,fake_debug_only_ground_truth_derived,
..\..\..\carla_data\left\MANUAL_LEFT_20260405_001858_933811.png,train,0,left,time_group_025,2026-04-05T00:18:58.933811,0.06545621,0.11286695,0.82167683,fake_debug_only_ground_truth_derived,
..\..\..\carla_data\right\MANUAL_RIGHT_20260405_001907_816149.png,train,2,right,time_group_025,2026-04-05T00:19:07.816149,0.81837415,0.05036743,0.13125842,fake_debug_only_ground_truth_derived,
..\..\..\carla_data\right\MANUAL_RIGHT_20260405_001915_357196.png,train,2,right,time_group_025,2026-04-05T00:19:15.357196,0.30122422,0.08599810,0.61277768,fake_debug_only_ground_truth_derived,
..\..\..\carla_data\right\MANUAL_RIGHT_20260405_001926_445751.png,train,2,right,time_group_025,2026-04-05T00:19:26.445751,0.05206108,0.20243010,0.74550882,fake_debug_only_ground_truth_derived,
..\..\..\carla_data\right\MANUAL_RIGHT_20260405_001933_832868.png,train,2,right,time_group_025,2026-04-05T00:19:33.832868,0.11083238,0.02980182,0.85936580,fake_debug_only_ground_truth_derived,
..\..\..\carla_data\right\MANUAL_RIGHT_20260405_001937_202627.png,train,2,right,time_group_025,2026-04-05T00:19:37.202627,,,,fake_debug_only_missing,
..\..\..\carla_data\right\MANUAL_RIGHT_20260405_001948_220710.png,train,2,right,time_group_025,2026-04-05T00:19:48.220710,0.10216686,0.34047023,0.55736290,fake_debug_only_ground_truth_derived,
..\..\..\carla_data\left\MANUAL_LEFT_20260405_001956_198220.png,train,0,left,time_group_025,2026-04-05T00:19:56.198220,,,,fake_debug_only_missing,
..\..\..\carla_data\right\MANUAL_RIGHT_20260405_002003_751405.png,train,2,right,time_group_025,2026-04-05T00:20:03.751405,0.28148017,0.15071408,0.56780575,fake_debug_only_ground_truth_derived,
..\..\..\carla_data\left\MANUAL_LEFT_20260405_002011_407060.png,train,0,left,time_group_025,2026-04-05T00:20:11.407060,0.88968316,0.02463093,0.08568591,fake_debug_only_ground_truth_derived,
..\..\..\carla_data\right\MANUAL_RIGHT_20260405_002021_452959.png,train,2,right,time_group_025,2026-04-05T00:20:21.452959,0.26971502,0.07116105,0.65912394,fake_debug_only_ground_truth_derived,
..\..\..\carla_data\left\MANUAL_LEFT_20260405_002026_458899.png,train,0,left,time_group_025,2026-04-05T00:20:26.458899,0.79304634,0.05335816,0.15359550,fake_debug_only_ground_truth_derived,
..\..\..\carla_data\left\MANUAL_LEFT_20260405_002030_618403.png,train,0,left,time_group_025,2026-04-05T00:20:30.618403,0.84874294,0.11175896,0.03949811,fake_debug_only_ground_truth_derived,
..\..\..\carla_data\left\MANUAL_LEFT_20260405_002035_580786.png,train,0,left,time_group_025,2026-04-05T00:20:35.580786,0.57926787,0.08541303,0.33531909,fake_debug_only_ground_truth_derived,
..\..\..\carla_data\left\MANUAL_LEFT_20260405_002042_916528.png,train,0,left,time_group_025,2026-04-05T00:20:42.916528,,,,fake_debug_only_missing,
..\..\..\carla_data\left\MANUAL_LEFT_20260405_002051_107349.png,train,0,left,time_group_025,2026-04-05T00:20:51.107349,0.03104005,0.84736848,0.12159147,fake_debug_only_ground_truth_derived,
..\..\..\carla_data\right\MANUAL_RIGHT_20260405_002058_863729.png,train,2,right,time_group_025,2026-04-05T00:20:58.863729,0.12459242,0.60833154,0.26707604,fake_debug_only_ground_truth_derived,
..\..\..\carla_data\right\MANUAL_RIGHT_20260405_002106_962635.png,train,2,right,time_group_025,2026-04-05T00:21:06.962635,0.07753635,0.22165986,0.70080379,fake_debug_only_ground_truth_derived,
..\..\..\carla_data\left\MANUAL_LEFT_20260405_002132_461256.png,train,0,left,time_group_026,2026-04-05T00:21:32.461256,0.75705213,0.18183509,0.06111278,fake_debug_only_ground_truth_derived,
..\..\..\carla_data\left\MANUAL_LEFT_20260405_002151_276507.png,train,0,left,time_group_026,2026-04-05T00:21:51.276507,,,,fake_debug_only_missing,
..\..\..\carla_data\left\MANUAL_LEFT_20260405_002215_283795.png,train,0,left,time_group_027,2026-04-05T00:22:15.283795,0.56478783,0.27098850,0.16422367,fake_debug_only_ground_truth_derived,
..\..\..\carla_data\right\MANUAL_RIGHT_20260405_002240_954738.png,train,2,right,time_group_028,2026-04-05T00:22:40.954738,0.20422323,0.71608230,0.07969447,fake_debug_only_ground_truth_derived,
..\..\..\carla_data\right\MANUAL_RIGHT_20260405_002346_969637.png,train,2,right,time_group_029,2026-04-05T00:23:46.969637,0.24388897,0.14546351,0.61064752,fake_debug_only_ground_truth_derived,
..\..\..\carla_data\right\MANUAL_RIGHT_20260405_002354_897844.png,train,2,right,time_group_029,2026-04-05T00:23:54.897844,0.17436122,0.09771993,0.72791885,fake_debug_only_ground_truth_derived,
..\..\..\carla_data\right\MANUAL_RIGHT_20260405_002403_913650.png,train,2,right,time_group_029,2026-04-05T00:24:03.913650,0.11884299,0.30966251,0.57149450,fake_debug_only_ground_truth_derived,
..\..\..\carla_data\right\MANUAL_RIGHT_20260405_002411_660235.png,train,2,right,time_group_029,2026-04-05T00:24:11.660235,0.21764812,0.59305153,0.18930035,fake_debug_only_ground_truth_derived,
..\..\..\carla_data\right\MANUAL_RIGHT_20260405_002512_927911.png,train,2,right,time_group_031,2026-04-05T00:25:12.927911,0.87024846,0.10264369,0.02710785,fake_debug_only_ground_truth_derived,
..\..\..\carla_data\right\MANUAL_RIGHT_20260405_002521_060310.png,train,2,right,time_group_031,2026-04-05T00:25:21.060310,0.11536717,0.16985207,0.71478075,fake_debug_only_ground_truth_derived,
..\..\..\carla_data\left\MANUAL_LEFT_20260405_002531_845018.png,train,0,left,time_group_031,2026-04-05T00:25:31.845018,0.23575731,0.69807547,0.06616723,fake_debug_only_ground_truth_derived,
..\..\..\carla_data\right\MANUAL_RIGHT_20260405_002541_460119.png,train,2,right,time_group_031,2026-04-05T00:25:41.460119,0.14001020,0.17185639,0.68813341,fake_debug_only_ground_truth_derived,
..\..\..\carla_data\right\MANUAL_RIGHT_20260405_002549_481260.png,train,2,right,time_group_031,2026-04-05T00:25:49.481260,0.05216168,0.08160700,0.86623131,fake_debug_only_ground_truth_derived,
..\..\..\carla_data\right\MANUAL_RIGHT_20260405_002557_995027.png,train,2,right,time_group_031,2026-04-05T00:25:57.995027,0.05552871,0.14076815,0.80370314,fake_debug_only_ground_truth_derived,
..\..\..\carla_data\right\MANUAL_RIGHT_20260405_002605_218127.png,train,2,right,time_group_031,2026-04-05T00:26:05.218127,0.68162092,0.10650136,0.21187772,fake_debug_only_ground_truth_derived,
..\..\..\carla_data\left\MANUAL_LEFT_20260405_002613_865244.png,train,0,left,time_group_031,2026-04-05T00:26:13.865244,0.08532655,0.08192987,0.83274358,fake_debug_only_ground_truth_derived,
..\..\..\carla_data\right\MANUAL_RIGHT_20260405_002624_154683.png,train,2,right,time_group_031,2026-04-05T00:26:24.154683,0.12434738,0.09494230,0.78071033,fake_debug_only_ground_truth_derived,
..\..\..\carla_data\right\MANUAL_RIGHT_20260405_002633_242741.png,train,2,right,time_group_031,2026-04-05T00:26:33.242741,0.12218254,0.07205831,0.80575914,fake_debug_only_ground_truth_derived,
..\..\..\carla_data\right\MANUAL_RIGHT_20260405_002648_356219.png,train,2,right,time_group_031,2026-04-05T00:26:48.356219,0.77096886,0.04951803,0.17951311,fake_debug_only_ground_truth_derived,
..\..\..\carla_data\right\MANUAL_RIGHT_20260405_002656_771568.png,train,2,right,time_group_031,2026-04-05T00:26:56.771568,0.20511365,0.06233995,0.73254641,fake_debug_only_ground_truth_derived,
..\..\..\carla_data\right\MANUAL_RIGHT_20260405_002704_369170.png,train,2,right,time_group_031,2026-04-05T00:27:04.369170,0.09656983,0.04577821,0.85765196,fake_debug_only_ground_truth_derived,
..\..\..\carla_data\right\MANUAL_RIGHT_20260405_002712_790173.png,train,2,right,time_group_031,2026-04-05T00:27:12.790173,0.22967555,0.08658822,0.68373622,fake_debug_only_ground_truth_derived,
..\..\..\carla_data\right\MANUAL_RIGHT_20260405_002720_236914.png,train,2,right,time_group_031,2026-04-05T00:27:20.236914,0.16124324,0.10643541,0.73232135,fake_debug_only_ground_truth_derived,
..\..\..\carla_data\right\MANUAL_RIGHT_20260405_002728_386163.png,train,2,right,time_group_031,2026-04-05T00:27:28.386163,0.16260895,0.17790726,0.65948380,fake_debug_only_ground_truth_derived,
..\..\..\carla_data\right\MANUAL_RIGHT_20260405_002800_933220.png,train,2,right,time_group_032,2026-04-05T00:28:00.933220,0.63085915,0.21230246,0.15683838,fake_debug_only_ground_truth_derived,
..\..\..\carla_data\right\MANUAL_RIGHT_20260405_002808_914322.png,train,2,right,time_group_032,2026-04-05T00:28:08.914322,0.17815177,0.06482142,0.75702681,fake_debug_only_ground_truth_derived,
..\..\..\carla_data\left\MANUAL_LEFT_20260405_002816_496156.png,train,0,left,time_group_032,2026-04-05T00:28:16.496156,0.18469270,0.08121720,0.73409009,fake_debug_only_ground_truth_derived,
..\..\..\carla_data\right\MANUAL_RIGHT_20260405_002832_402545.png,train,2,right,time_group_032,2026-04-05T00:28:32.402545,0.12110834,0.08564024,0.79325141,fake_debug_only_ground_truth_derived,
..\..\..\carla_data\right\MANUAL_RIGHT_20260405_002840_596471.png,train,2,right,time_group_032,2026-04-05T00:28:40.596471,0.14092738,0.10322299,0.75584963,fake_debug_only_ground_truth_derived,
..\..\..\carla_data\left\MANUAL_LEFT_20260405_002849_045571.png,train,0,left,time_group_032,2026-04-05T00:28:49.045571,0.88631728,0.05012554,0.06355719,fake_debug_only_ground_truth_derived,
..\..\..\carla_data\right\MANUAL_RIGHT_20260405_002902_104526.png,train,2,right,time_group_032,2026-04-05T00:29:02.104526,0.21320303,0.19195866,0.59483831,fake_debug_only_ground_truth_derived,
..\..\..\carla_data\right\MANUAL_RIGHT_20260405_002910_099438.png,train,2,right,time_group_032,2026-04-05T00:29:10.099438,0.23156214,0.08102682,0.68741104,fake_debug_only_ground_truth_derived,
..\..\..\carla_data\right\MANUAL_RIGHT_20260405_002918_949920.png,train,2,right,time_group_032,2026-04-05T00:29:18.949920,0.18528606,0.09296261,0.72175133,fake_debug_only_ground_truth_derived,
..\..\..\carla_data\right\MANUAL_RIGHT_20260405_002926_120236.png,train,2,right,time_group_032,2026-04-05T00:29:26.120236,0.57300485,0.30804819,0.11894697,fake_debug_only_ground_truth_derived,
..\..\..\carla_data\right\MANUAL_RIGHT_20260405_002934_240235.png,train,2,right,time_group_032,2026-04-05T00:29:34.240235,0.15321945,0.04109168,0.80568887,fake_debug_only_ground_truth_derived,
..\..\..\carla_data\right\MANUAL_RIGHT_20260405_002942_302315.png,train,2,right,time_group_032,2026-04-05T00:29:42.302315,,,,fake_debug_only_missing,
..\..\..\carla_data\right\MANUAL_RIGHT_20260405_003035_716088.png,train,2,right,time_group_033,2026-04-05T00:30:35.716088,0.07100313,0.88814418,0.04085268,fake_debug_only_ground_truth_derived,
..\..\..\carla_data\right\MANUAL_RIGHT_20260405_003043_822669.png,train,2,right,time_group_033,2026-04-05T00:30:43.822669,0.88569993,0.03135919,0.08294088,fake_debug_only_ground_truth_derived,
..\..\..\carla_data\left\MANUAL_LEFT_20260405_003051_932233.png,train,0,left,time_group_033,2026-04-05T00:30:51.932233,0.15422139,0.63240909,0.21336951,fake_debug_only_ground_truth_derived,
..\..\..\carla_data\left\MANUAL_LEFT_20260405_003101_045645.png,train,0,left,time_group_033,2026-04-05T00:31:01.045645,0.56237367,0.31469167,0.12293467,fake_debug_only_ground_truth_derived,
..\..\..\carla_data\left\MANUAL_LEFT_20260405_003119_839441.png,train,0,left,time_group_033,2026-04-05T00:31:19.839441,0.07095617,0.82030408,0.10873974,fake_debug_only_ground_truth_derived,
..\..\..\carla_data\right\MANUAL_RIGHT_20260405_003128_500279.png,train,2,right,time_group_033,2026-04-05T00:31:28.500279,0.32693397,0.10843977,0.56462625,fake_debug_only_ground_truth_derived,
..\..\..\carla_data\left\MANUAL_LEFT_20260405_003136_085584.png,train,0,left,time_group_033,2026-04-05T00:31:36.085584,0.67278378,0.09616707,0.23104915,fake_debug_only_ground_truth_derived,
..\..\..\carla_data\left\MANUAL_LEFT_20260405_003215_398472.png,train,0,left,time_group_034,2026-04-05T00:32:15.398472,0.67875829,0.20263092,0.11861079,fake_debug_only_ground_truth_derived,
..\..\..\carla_data\right\MANUAL_RIGHT_20260405_003223_259897.png,train,2,right,time_group_034,2026-04-05T00:32:23.259897,,,,fake_debug_only_missing,
..\..\..\carla_data\left\MANUAL_LEFT_20260405_003232_711590.png,train,0,left,time_group_034,2026-04-05T00:32:32.711590,0.77810317,0.15370291,0.06819392,fake_debug_only_ground_truth_derived,
..\..\..\carla_data\left\MANUAL_LEFT_20260405_003247_094277.png,train,0,left,time_group_034,2026-04-05T00:32:47.094277,0.08620404,0.32319812,0.59059784,fake_debug_only_ground_truth_derived,
..\..\..\carla_data\left\MANUAL_LEFT_20260405_003307_617303.png,train,0,left,time_group_035,2026-04-05T00:33:07.617303,0.04596090,0.14595341,0.80808569,fake_debug_only_ground_truth_derived,
..\..\..\carla_data\right\MANUAL_RIGHT_20260405_003319_108431.png,train,2,right,time_group_035,2026-04-05T00:33:19.108431,0.86653969,0.03716174,0.09629857,fake_debug_only_ground_truth_derived,
..\..\..\carla_data\right\MANUAL_RIGHT_20260405_003329_829630.png,train,2,right,time_group_035,2026-04-05T00:33:29.829630,0.08547916,0.08105654,0.83346429,fake_debug_only_ground_truth_derived,
..\..\..\carla_data\left\MANUAL_LEFT_20260405_003336_322767.png,train,0,left,time_group_035,2026-04-05T00:33:36.322767,0.72112182,0.20628969,0.07258849,fake_debug_only_ground_truth_derived,
..\..\..\carla_data\left\MANUAL_LEFT_20260405_003347_676533.png,train,0,left,time_group_035,2026-04-05T00:33:47.676533,0.68848051,0.11634276,0.19517672,fake_debug_only_ground_truth_derived,
..\..\..\carla_data\left\MANUAL_LEFT_20260405_003357_561584.png,train,0,left,time_group_035,2026-04-05T00:33:57.561584,,,,fake_debug_only_missing,
..\..\..\carla_data\left\MANUAL_LEFT_20260405_003405_666639.png,train,0,left,time_group_035,2026-04-05T00:34:05.666639,0.84508328,0.07928118,0.07563554,fake_debug_only_ground_truth_derived,
..\..\..\carla_data\left\MANUAL_LEFT_20260405_003414_322535.png,train,0,left,time_group_035,2026-04-05T00:34:14.322535,0.63958608,0.23563464,0.12477927,fake_debug_only_ground_truth_derived,
..\..\..\carla_data\right\MANUAL_RIGHT_20260405_003422_203666.png,train,2,right,time_group_035,2026-04-05T00:34:22.203666,0.77227831,0.06694364,0.16077805,fake_debug_only_ground_truth_derived,
..\..\..\carla_data\left\MANUAL_LEFT_20260405_003431_210578.png,train,0,left,time_group_035,2026-04-05T00:34:31.210578,0.21818255,0.12316852,0.65864893,fake_debug_only_ground_truth_derived,
..\..\..\carla_data\right\MANUAL_RIGHT_20260405_003440_340565.png,train,2,right,time_group_035,2026-04-05T00:34:40.340565,0.28182197,0.07160862,0.64656941,fake_debug_only_ground_truth_derived,
..\..\..\carla_data\right\MANUAL_RIGHT_20260405_003448_666916.png,train,2,right,time_group_035,2026-04-05T00:34:48.666916,0.10233691,0.13305030,0.76461279,fake_debug_only_ground_truth_derived,
..\..\..\carla_data\right\MANUAL_RIGHT_20260405_003456_951475.png,train,2,right,time_group_035,2026-04-05T00:34:56.951475,,,,fake_debug_only_missing,
..\..\..\carla_data\right\MANUAL_RIGHT_20260405_003505_145957.png,train,2,right,time_group_035,2026-04-05T00:35:05.145957,0.10422311,0.14469629,0.75108060,fake_debug_only_ground_truth_derived,
..\..\..\carla_data\right\MANUAL_RIGHT_20260405_003512_354386.png,train,2,right,time_group_035,2026-04-05T00:35:12.354386,0.19764946,0.23552221,0.56682833,fake_debug_only_ground_truth_derived,
..\..\..\carla_data\left\MANUAL_LEFT_20260405_003553_930433.png,train,0,left,time_group_036,2026-04-05T00:35:53.930433,0.72809514,0.20553307,0.06637178,fake_debug_only_ground_truth_derived,
..\..\..\carla_data\left\MANUAL_LEFT_20260405_003600_669185.png,train,0,left,time_group_036,2026-04-05T00:36:00.669185,0.68604467,0.22181641,0.09213892,fake_debug_only_ground_truth_derived,
..\..\..\carla_data\left\MANUAL_LEFT_20260405_003718_796663.png,train,0,left,time_group_038,2026-04-05T00:37:18.796663,0.81486913,0.10370602,0.08142485,fake_debug_only_ground_truth_derived,
..\..\..\carla_data\right\MANUAL_RIGHT_20260405_003727_012404.png,train,2,right,time_group_038,2026-04-05T00:37:27.012404,0.06127048,0.09866611,0.84006342,fake_debug_only_ground_truth_derived,
..\..\..\carla_data\left\MANUAL_LEFT_20260405_003752_184569.png,train,0,left,time_group_039,2026-04-05T00:37:52.184569,0.15036416,0.23714564,0.61249020,fake_debug_only_ground_truth_derived,
..\..\..\carla_data\left\MANUAL_LEFT_20260405_003758_391861.png,train,0,left,time_group_039,2026-04-05T00:37:58.391861,0.06966700,0.83925146,0.09108154,fake_debug_only_ground_truth_derived,
..\..\..\carla_data\left\MANUAL_LEFT_20260405_003806_813519.png,train,0,left,time_group_039,2026-04-05T00:38:06.813519,0.66866014,0.16642952,0.16491034,fake_debug_only_ground_truth_derived,
..\..\..\carla_data\left\MANUAL_LEFT_20260405_003815_186744.png,train,0,left,time_group_039,2026-04-05T00:38:15.186744,0.69316540,0.11697401,0.18986059,fake_debug_only_ground_truth_derived,
..\..\..\carla_data\left\MANUAL_LEFT_20260405_003831_243633.png,train,0,left,time_group_039,2026-04-05T00:38:31.243633,,,,fake_debug_only_missing,
..\..\..\carla_data\right\MANUAL_RIGHT_20260405_003839_754918.png,train,2,right,time_group_039,2026-04-05T00:38:39.754918,0.16035085,0.05815379,0.78149536,fake_debug_only_ground_truth_derived,
..\..\..\carla_data\left\MANUAL_LEFT_20260405_003847_297881.png,train,0,left,time_group_039,2026-04-05T00:38:47.297881,0.61324280,0.21211030,0.17464690,fake_debug_only_ground_truth_derived,
..\..\..\carla_data\right\MANUAL_RIGHT_20260405_003951_972903.png,train,2,right,time_group_040,2026-04-05T00:39:51.972903,0.08697045,0.16225161,0.75077793,fake_debug_only_ground_truth_derived,
..\..\..\carla_data\right\MANUAL_RIGHT_20260405_004020_841239.png,train,2,right,time_group_041,2026-04-05T00:40:20.841239,0.07375235,0.20202115,0.72422650,fake_debug_only_ground_truth_derived,
..\..\..\carla_data\left\MANUAL_LEFT_20260405_004032_836616.png,train,0,left,time_group_041,2026-04-05T00:40:32.836616,,,,fake_debug_only_missing,
..\..\..\carla_data\left\MANUAL_LEFT_20260405_004040_288318.png,train,0,left,time_group_041,2026-04-05T00:40:40.288318,0.72492312,0.16544510,0.10963178,fake_debug_only_ground_truth_derived,
..\..\..\carla_data\left\MANUAL_LEFT_20260405_004309_560953.png,train,0,left,time_group_043,2026-04-05T00:43:09.560953,,,,fake_debug_only_missing,
..\..\..\carla_data\left\MANUAL_LEFT_20260405_004316_902757.png,train,0,left,time_group_043,2026-04-05T00:43:16.902757,0.10697832,0.84968367,0.04333801,fake_debug_only_ground_truth_derived,
..\..\..\carla_data\left\MANUAL_LEFT_20260405_004341_374763.png,train,0,left,time_group_044,2026-04-05T00:43:41.374763,,,,fake_debug_only_missing,
..\..\..\carla_data\left\MANUAL_LEFT_20260405_004349_767509.png,train,0,left,time_group_044,2026-04-05T00:43:49.767509,,,,fake_debug_only_missing,
..\..\..\carla_data\right\MANUAL_RIGHT_20260405_004358_180621.png,train,2,right,time_group_044,2026-04-05T00:43:58.180621,0.18575092,0.04842646,0.76582261,fake_debug_only_ground_truth_derived,
..\..\..\carla_data\right\MANUAL_RIGHT_20260405_004406_018629.png,train,2,right,time_group_044,2026-04-05T00:44:06.018629,0.05291397,0.05086249,0.89622354,fake_debug_only_ground_truth_derived,
..\..\..\carla_data\right\MANUAL_RIGHT_20260405_004415_240153.png,train,2,right,time_group_044,2026-04-05T00:44:15.240153,,,,fake_debug_only_missing,
..\..\..\carla_data\left\MANUAL_LEFT_20260405_004426_648363.png,train,0,left,time_group_044,2026-04-05T00:44:26.648363,0.12710773,0.64678314,0.22610913,fake_debug_only_ground_truth_derived,
..\..\..\carla_data\right\MANUAL_RIGHT_20260405_004429_447072.png,train,2,right,time_group_044,2026-04-05T00:44:29.447072,,,,fake_debug_only_missing,
..\..\..\carla_data\left\MANUAL_LEFT_20260405_004624_623819.png,train,0,left,time_group_046,2026-04-05T00:46:24.623819,0.69875369,0.20546771,0.09577859,fake_debug_only_ground_truth_derived,
..\..\..\carla_data\left\MANUAL_LEFT_20260405_004638_098312.png,train,0,left,time_group_046,2026-04-05T00:46:38.098312,0.62269548,0.17323230,0.20407222,fake_debug_only_ground_truth_derived,
..\..\..\carla_data\right\MANUAL_RIGHT_20260405_004641_055477.png,train,2,right,time_group_046,2026-04-05T00:46:41.055477,0.06053106,0.18081244,0.75865650,fake_debug_only_ground_truth_derived,
..\..\..\carla_data\right\MANUAL_RIGHT_20260405_004656_618620.png,train,2,right,time_group_046,2026-04-05T00:46:56.618620,,,,fake_debug_only_missing,
..\..\..\carla_data\right\MANUAL_RIGHT_20260405_004715_695195.png,train,2,right,time_group_046,2026-04-05T00:47:15.695195,0.20207410,0.65481103,0.14311487,fake_debug_only_ground_truth_derived,
..\..\..\carla_data\left\MANUAL_LEFT_20260405_004724_478902.png,train,0,left,time_group_046,2026-04-05T00:47:24.478902,0.70372537,0.17329238,0.12298225,fake_debug_only_ground_truth_derived,
..\..\..\carla_data\left\MANUAL_LEFT_20260405_004726_684712.png,train,0,left,time_group_046,2026-04-05T00:47:26.684712,0.87225463,0.06965735,0.05808801,fake_debug_only_ground_truth_derived,
..\..\..\carla_data\right\MANUAL_RIGHT_20260405_004728_705153.png,train,2,right,time_group_046,2026-04-05T00:47:28.705153,0.27067090,0.15385150,0.57547760,fake_debug_only_ground_truth_derived,
..\..\..\carla_data\left\MANUAL_LEFT_20260405_004740_528612.png,train,0,left,time_group_046,2026-04-05T00:47:40.528612,0.88076048,0.03508978,0.08414973,fake_debug_only_ground_truth_derived,
..\..\..\carla_data\left\MANUAL_LEFT_20260405_005205_269437.png,train,0,left,time_group_050,2026-04-05T00:52:05.269437,0.58137778,0.21590597,0.20271626,fake_debug_only_ground_truth_derived,
..\..\..\carla_data\left\MANUAL_LEFT_20260405_005228_889705.png,train,0,left,time_group_051,2026-04-05T00:52:28.889705,0.85735259,0.05190505,0.09074236,fake_debug_only_ground_truth_derived,
..\..\..\carla_data\right\MANUAL_RIGHT_20260405_005237_021452.png,train,2,right,time_group_051,2026-04-05T00:52:37.021452,0.15998514,0.05733418,0.78268068,fake_debug_only_ground_truth_derived,
..\..\..\carla_data\left\MANUAL_LEFT_20260405_005252_923023.png,train,0,left,time_group_051,2026-04-05T00:52:52.923023,0.81861054,0.07698354,0.10440591,fake_debug_only_ground_truth_derived,
..\..\..\carla_data\right\MANUAL_RIGHT_20260405_005309_376135.png,train,2,right,time_group_051,2026-04-05T00:53:09.376135,0.13943280,0.20762965,0.65293755,fake_debug_only_ground_truth_derived,
..\..\..\carla_data\right\MANUAL_RIGHT_20260405_005319_681720.png,train,2,right,time_group_051,2026-04-05T00:53:19.681720,0.13231706,0.14235406,0.72532888,fake_debug_only_ground_truth_derived,
..\..\..\carla_data\right\MANUAL_RIGHT_20260405_005327_414290.png,train,2,right,time_group_051,2026-04-05T00:53:27.414290,0.10047578,0.24567055,0.65385367,fake_debug_only_ground_truth_derived,
..\..\..\carla_data\left\MANUAL_LEFT_20260405_005401_222122.png,train,0,left,time_group_052,2026-04-05T00:54:01.222122,0.69951988,0.18978492,0.11069520,fake_debug_only_ground_truth_derived,
..\..\..\carla_data\left\MANUAL_LEFT_20260405_005408_911766.png,train,0,left,time_group_052,2026-04-05T00:54:08.911766,0.17965026,0.57717608,0.24317367,fake_debug_only_ground_truth_derived,
..\..\..\carla_data\left\MANUAL_LEFT_20260405_005417_283426.png,train,0,left,time_group_052,2026-04-05T00:54:17.283426,0.56144282,0.32565696,0.11290022,fake_debug_only_ground_truth_derived,
..\..\..\carla_data\left\MANUAL_LEFT_20260405_005424_602260.png,train,0,left,time_group_052,2026-04-05T00:54:24.602260,0.77187792,0.08453986,0.14358223,fake_debug_only_ground_truth_derived,
..\..\..\carla_data\right\MANUAL_RIGHT_20260405_005516_426836.png,train,2,right,time_group_054,2026-04-05T00:55:16.426836,0.71042647,0.10455106,0.18502247,fake_debug_only_ground_truth_derived,
..\..\..\carla_data\right\MANUAL_RIGHT_20260405_005524_086534.png,train,2,right,time_group_054,2026-04-05T00:55:24.086534,0.09470123,0.25579671,0.64950205,fake_debug_only_ground_truth_derived,
..\..\..\carla_data\left\MANUAL_LEFT_20260405_005532_261855.png,train,0,left,time_group_054,2026-04-05T00:55:32.261855,,,,fake_debug_only_missing,
..\..\..\carla_data\right\MANUAL_RIGHT_20260405_005539_959589.png,train,2,right,time_group_054,2026-04-05T00:55:39.959589,0.07208984,0.09804347,0.82986669,fake_debug_only_ground_truth_derived,
..\..\..\carla_data\left\MANUAL_LEFT_20260405_005548_534702.png,train,0,left,time_group_054,2026-04-05T00:55:48.534702,,,,fake_debug_only_missing,
..\..\..\carla_data\right\MANUAL_RIGHT_20260405_005556_032065.png,train,2,right,time_group_054,2026-04-05T00:55:56.032065,0.06406916,0.13682353,0.79910731,fake_debug_only_ground_truth_derived,
..\..\..\carla_data\right\MANUAL_RIGHT_20260405_005604_003159.png,train,2,right,time_group_054,2026-04-05T00:56:04.003159,0.76318544,0.16513007,0.07168449,fake_debug_only_ground_truth_derived,
..\..\..\carla_data\left\MANUAL_LEFT_20260405_005611_735249.png,train,0,left,time_group_054,2026-04-05T00:56:11.735249,0.33914535,0.08828826,0.57256639,fake_debug_only_ground_truth_derived,
..\..\..\carla_data\right\MANUAL_RIGHT_20260405_005619_615442.png,train,2,right,time_group_054,2026-04-05T00:56:19.615442,,,,fake_debug_only_missing,
..\..\..\carla_data\right\MANUAL_RIGHT_20260405_005628_001600.png,train,2,right,time_group_054,2026-04-05T00:56:28.001600,0.05313878,0.07890902,0.86795220,fake_debug_only_ground_truth_derived,
..\..\..\carla_data\right\MANUAL_RIGHT_20260405_005635_748851.png,train,2,right,time_group_054,2026-04-05T00:56:35.748851,0.15295553,0.20499638,0.64204809,fake_debug_only_ground_truth_derived,
..\..\..\carla_data\right\MANUAL_RIGHT_20260405_005644_114251.png,train,2,right,time_group_054,2026-04-05T00:56:44.114251,0.19731966,0.67198010,0.13070024,fake_debug_only_ground_truth_derived,
..\..\..\carla_data\right\MANUAL_RIGHT_20260405_005829_129416.png,train,2,right,time_group_056,2026-04-05T00:58:29.129416,0.04249189,0.14241193,0.81509618,fake_debug_only_ground_truth_derived,
..\..\..\carla_data\left\MANUAL_LEFT_20260405_005835_728566.png,train,0,left,time_group_056,2026-04-05T00:58:35.728566,0.84991404,0.03353085,0.11655511,fake_debug_only_ground_truth_derived,
..\..\..\carla_data\right\MANUAL_RIGHT_20260405_010304_479568.png,train,2,right,time_group_060,2026-04-05T01:03:04.479568,0.88161323,0.08347445,0.03491233,fake_debug_only_ground_truth_derived,
..\..\..\carla_data\left\MANUAL_LEFT_20260405_010310_801452.png,train,0,left,time_group_060,2026-04-05T01:03:10.801452,0.83894899,0.10349055,0.05756047,fake_debug_only_ground_truth_derived,
..\..\..\carla_data\right\MANUAL_RIGHT_20260405_010312_879526.png,train,2,right,time_group_060,2026-04-05T01:03:12.879526,0.08899779,0.27363806,0.63736415,fake_debug_only_ground_truth_derived,
..\..\..\carla_data\right\MANUAL_RIGHT_20260405_010320_419588.png,train,2,right,time_group_060,2026-04-05T01:03:20.419588,0.07601254,0.15482060,0.76916687,fake_debug_only_ground_truth_derived,
..\..\..\carla_data\right\MANUAL_RIGHT_20260405_010641_090378.png,train,2,right,time_group_062,2026-04-05T01:06:41.090378,0.11519306,0.17917411,0.70563282,fake_debug_only_ground_truth_derived,
..\..\..\carla_data\left\MANUAL_LEFT_20260405_010643_960993.png,train,0,left,time_group_062,2026-04-05T01:06:43.960993,0.66426440,0.25771317,0.07802243,fake_debug_only_ground_truth_derived,
..\..\..\carla_data\left\MANUAL_LEFT_20260405_010659_697442.png,train,0,left,time_group_062,2026-04-05T01:06:59.697442,0.64293237,0.22540777,0.13165986,fake_debug_only_ground_truth_derived,
..\..\..\carla_data\left\MANUAL_LEFT_20260405_010723_191652.png,train,0,left,time_group_063,2026-04-05T01:07:23.191652,,,,fake_debug_only_missing,
..\..\..\carla_data\right\MANUAL_RIGHT_20260405_010732_024139.png,train,2,right,time_group_063,2026-04-05T01:07:32.024139,0.80644396,0.08159889,0.11195715,fake_debug_only_ground_truth_derived,
..\..\..\carla_data\left\MANUAL_LEFT_20260405_011001_645098.png,train,0,left,time_group_066,2026-04-05T01:10:01.645098,0.70306938,0.20330284,0.09362778,fake_debug_only_ground_truth_derived,
..\..\..\carla_data\right\MANUAL_RIGHT_20260405_011009_237767.png,train,2,right,time_group_066,2026-04-05T01:10:09.237767,0.10373863,0.15963220,0.73662917,fake_debug_only_ground_truth_derived,
..\..\..\carla_data\right\MANUAL_RIGHT_20260405_011017_191181.png,train,2,right,time_group_066,2026-04-05T01:10:17.191181,0.21023314,0.05748942,0.73227743,fake_debug_only_ground_truth_derived,
..\..\..\carla_data\left\MANUAL_LEFT_20260405_011025_470938.png,train,0,left,time_group_066,2026-04-05T01:10:25.470938,0.77574884,0.09852814,0.12572302,fake_debug_only_ground_truth_derived,
..\..\..\carla_data\right\MANUAL_RIGHT_20260405_011051_401390.png,train,2,right,time_group_067,2026-04-05T01:10:51.401390,0.14427939,0.17913501,0.67658560,fake_debug_only_ground_truth_derived,
..\..\..\carla_data\left\MANUAL_LEFT_20260405_011056_261255.png,train,0,left,time_group_067,2026-04-05T01:10:56.261255,0.77699137,0.13092621,0.09208242,fake_debug_only_ground_truth_derived,
..\..\..\carla_data\left\MANUAL_LEFT_20260405_011333_240306.png,train,0,left,time_group_069,2026-04-05T01:13:33.240306,0.65746152,0.11147426,0.23106422,fake_debug_only_ground_truth_derived,
..\..\..\carla_data\left\MANUAL_LEFT_20260405_011340_947646.png,train,0,left,time_group_069,2026-04-05T01:13:40.947646,,,,fake_debug_only_missing,
..\..\..\carla_data\left\MANUAL_LEFT_20260405_011357_474945.png,train,0,left,time_group_069,2026-04-05T01:13:57.474945,0.08079631,0.29159003,0.62761367,fake_debug_only_ground_truth_derived,
..\..\..\carla_data\left\MANUAL_LEFT_20260405_011405_317645.png,train,0,left,time_group_069,2026-04-05T01:14:05.317645,0.68505813,0.19027481,0.12466707,fake_debug_only_ground_truth_derived,
..\..\..\carla_data\left\MANUAL_LEFT_20260405_011514_081215.png,train,0,left,time_group_071,2026-04-05T01:15:14.081215,0.69146171,0.16667578,0.14186251,fake_debug_only_ground_truth_derived,
..\..\..\carla_data\left\MANUAL_LEFT_20260405_011547_164509.png,train,0,left,time_group_072,2026-04-05T01:15:47.164509,0.82845860,0.10595676,0.06558464,fake_debug_only_ground_truth_derived,
..\..\..\carla_data\left\MANUAL_LEFT_20260405_011555_191403.png,train,0,left,time_group_072,2026-04-05T01:15:55.191403,,,,fake_debug_only_missing,
..\..\..\carla_data\left\MANUAL_LEFT_20260405_011603_815989.png,train,0,left,time_group_072,2026-04-05T01:16:03.815989,0.83951850,0.09480546,0.06567604,fake_debug_only_ground_truth_derived,
..\..\..\carla_data\right\MANUAL_RIGHT_20260405_011634_459390.png,train,2,right,time_group_073,2026-04-05T01:16:34.459390,0.05956696,0.07117041,0.86926264,fake_debug_only_ground_truth_derived,
..\..\..\carla_data\left\MANUAL_LEFT_20260405_011644_287536.png,train,0,left,time_group_073,2026-04-05T01:16:44.287536,0.62969469,0.29069463,0.07961068,fake_debug_only_ground_truth_derived,
..\..\..\carla_data\left\MANUAL_LEFT_20260405_011650_316179.png,train,0,left,time_group_073,2026-04-05T01:16:50.316179,0.84947165,0.06273036,0.08779799,fake_debug_only_ground_truth_derived,
..\..\..\carla_data\left\MANUAL_LEFT_20260405_011706_407585.png,train,0,left,time_group_073,2026-04-05T01:17:06.407585,0.81591377,0.09327580,0.09081043,fake_debug_only_ground_truth_derived,
..\..\..\carla_data\right\MANUAL_RIGHT_20260405_011716_489519.png,train,2,right,time_group_073,2026-04-05T01:17:16.489519,0.16406965,0.68380160,0.15212874,fake_debug_only_ground_truth_derived,
..\..\..\carla_data\left\MANUAL_LEFT_20260405_011724_111468.png,train,0,left,time_group_073,2026-04-05T01:17:24.111468,0.79146278,0.12895733,0.07957989,fake_debug_only_ground_truth_derived,
..\..\..\carla_data\right\MANUAL_RIGHT_20260405_011732_212590.png,train,2,right,time_group_073,2026-04-05T01:17:32.212590,0.11676889,0.02990966,0.85332146,fake_debug_only_ground_truth_derived,
..\..\..\carla_data\left\MANUAL_LEFT_20260405_011740_229372.png,train,0,left,time_group_073,2026-04-05T01:17:40.229372,0.72501645,0.09927411,0.17570944,fake_debug_only_ground_truth_derived,
..\..\..\carla_data\right\MANUAL_RIGHT_20260405_011748_380448.png,train,2,right,time_group_073,2026-04-05T01:17:48.380448,0.17749240,0.15625528,0.66625233,fake_debug_only_ground_truth_derived,
..\..\..\carla_data\right\MANUAL_RIGHT_20260405_011756_637822.png,train,2,right,time_group_073,2026-04-05T01:17:56.637822,0.06629065,0.07195480,0.86175455,fake_debug_only_ground_truth_derived,
..\..\..\carla_data\left\MANUAL_LEFT_20260405_011814_689201.png,train,0,left,time_group_073,2026-04-05T01:18:14.689201,0.73711582,0.18361351,0.07927067,fake_debug_only_ground_truth_derived,
..\..\..\carla_data\left\MANUAL_LEFT_20260405_011830_851229.png,train,0,left,time_group_073,2026-04-05T01:18:30.851229,0.72908212,0.14709048,0.12382740,fake_debug_only_ground_truth_derived,
..\..\..\carla_data\left\MANUAL_LEFT_20260405_011917_540561.png,train,0,left,time_group_074,2026-04-05T01:19:17.540561,0.78333267,0.10702806,0.10963927,fake_debug_only_ground_truth_derived,
..\..\..\carla_data\right\MANUAL_RIGHT_20260405_012058_533908.png,train,2,right,time_group_076,2026-04-05T01:20:58.533908,0.13681818,0.66077192,0.20240990,fake_debug_only_ground_truth_derived,
..\..\..\carla_data\right\MANUAL_RIGHT_20260405_012108_073893.png,train,2,right,time_group_076,2026-04-05T01:21:08.073893,0.04211060,0.88767943,0.07020996,fake_debug_only_ground_truth_derived,
..\..\..\carla_data\right\MANUAL_RIGHT_20260405_012114_110515.png,train,2,right,time_group_076,2026-04-05T01:21:14.110515,0.14636064,0.72090912,0.13273024,fake_debug_only_ground_truth_derived,
..\..\..\carla_data\right\MANUAL_RIGHT_20260405_012123_700787.png,train,2,right,time_group_076,2026-04-05T01:21:23.700787,0.16716086,0.21705842,0.61578073,fake_debug_only_ground_truth_derived,
..\..\..\carla_data\right\MANUAL_RIGHT_20260405_012132_171629.png,train,2,right,time_group_076,2026-04-05T01:21:32.171629,0.20109499,0.57363311,0.22527189,fake_debug_only_ground_truth_derived,
..\..\..\carla_data\left\MANUAL_LEFT_20260405_012139_552872.png,train,0,left,time_group_076,2026-04-05T01:21:39.552872,0.05142708,0.17688973,0.77168318,fake_debug_only_ground_truth_derived,
..\..\..\carla_data\right\MANUAL_RIGHT_20260405_012203_154146.png,train,2,right,time_group_077,2026-04-05T01:22:03.154146,0.11720111,0.13442246,0.74837642,fake_debug_only_ground_truth_derived,
..\..\..\carla_data\right\MANUAL_RIGHT_20260405_012217_261596.png,train,2,right,time_group_077,2026-04-05T01:22:17.261596,0.14985600,0.22857041,0.62157359,fake_debug_only_ground_truth_derived,
..\..\..\carla_data\right\MANUAL_RIGHT_20260405_012234_076943.png,train,2,right,time_group_077,2026-04-05T01:22:34.076943,0.29985348,0.13529238,0.56485414,fake_debug_only_ground_truth_derived,
..\..\..\carla_data\right\MANUAL_RIGHT_20260405_012328_436667.png,train,2,right,time_group_078,2026-04-05T01:23:28.436667,0.08525244,0.79286895,0.12187861,fake_debug_only_ground_truth_derived,
..\..\..\carla_data\right\MANUAL_RIGHT_20260405_012336_601718.png,train,2,right,time_group_078,2026-04-05T01:23:36.601718,0.07768838,0.03060759,0.89170403,fake_debug_only_ground_truth_derived,
..\..\..\carla_data\right\MANUAL_RIGHT_20260405_012352_393041.png,train,2,right,time_group_078,2026-04-05T01:23:52.393041,0.04207601,0.08608959,0.87183440,fake_debug_only_ground_truth_derived,
..\..\..\carla_data\right\MANUAL_RIGHT_20260405_012400_541693.png,train,2,right,time_group_078,2026-04-05T01:24:00.541693,0.10155080,0.29924547,0.59920373,fake_debug_only_ground_truth_derived,
..\..\..\carla_data\right\MANUAL_RIGHT_20260405_012417_694373.png,train,2,right,time_group_078,2026-04-05T01:24:17.694373,0.14346044,0.81868161,0.03785795,fake_debug_only_ground_truth_derived,
..\..\..\carla_data\right\MANUAL_RIGHT_20260405_012433_179614.png,train,2,right,time_group_078,2026-04-05T01:24:33.179614,0.16108054,0.24714023,0.59177923,fake_debug_only_ground_truth_derived,
..\..\..\carla_data\right\MANUAL_RIGHT_20260405_012449_416316.png,train,2,right,time_group_078,2026-04-05T01:24:49.416316,0.12896404,0.16248155,0.70855442,fake_debug_only_ground_truth_derived,
..\..\..\carla_data\right\MANUAL_RIGHT_20260405_012507_282148.png,train,2,right,time_group_078,2026-04-05T01:25:07.282148,0.10791985,0.71904263,0.17303752,fake_debug_only_ground_truth_derived,
..\..\..\carla_data\right\MANUAL_RIGHT_20260405_012516_667189.png,train,2,right,time_group_078,2026-04-05T01:25:16.667189,0.32663876,0.09144683,0.58191440,fake_debug_only_ground_truth_derived,
..\..\..\carla_data\right\MANUAL_RIGHT_20260405_012525_708585.png,train,2,right,time_group_078,2026-04-05T01:25:25.708585,0.06922777,0.03558878,0.89518344,fake_debug_only_ground_truth_derived,
..\..\..\carla_data\right\MANUAL_RIGHT_20260405_012542_206477.png,train,2,right,time_group_078,2026-04-05T01:25:42.206477,0.12463761,0.59022976,0.28513263,fake_debug_only_ground_truth_derived,
..\..\..\carla_data\right\MANUAL_RIGHT_20260405_012558_927573.png,train,2,right,time_group_078,2026-04-05T01:25:58.927573,0.03068972,0.11672050,0.85258978,fake_debug_only_ground_truth_derived,
..\..\..\carla_data\right\MANUAL_RIGHT_20260405_012606_142451.png,train,2,right,time_group_078,2026-04-05T01:26:06.142451,0.06509475,0.11215158,0.82275368,fake_debug_only_ground_truth_derived,
..\..\..\carla_data\right\MANUAL_RIGHT_20260405_012818_047542.png,train,2,right,time_group_081,2026-04-05T01:28:18.047542,0.08641995,0.03766195,0.87591810,fake_debug_only_ground_truth_derived,
..\..\..\carla_data\right\MANUAL_RIGHT_20260405_012826_622598.png,train,2,right,time_group_081,2026-04-05T01:28:26.622598,0.61890041,0.20802966,0.17306993,fake_debug_only_ground_truth_derived,
..\..\..\carla_data\straight\STRAIGHT_4737_20260404_030801_904311.png,val,1,straight,time_group_002,2026-04-04T03:08:01.904311,0.13737147,0.81717896,0.04544957,fake_debug_only_ground_truth_derived,
..\..\..\carla_data\straight\STRAIGHT_4815_20260404_030803_924248.png,val,1,straight,time_group_002,2026-04-04T03:08:03.924248,0.09376759,0.76579347,0.14043894,fake_debug_only_ground_truth_derived,
..\..\..\carla_data\straight\STRAIGHT_4868_20260404_030805_047017.png,val,1,straight,time_group_002,2026-04-04T03:08:05.047017,0.28410093,0.14025534,0.57564373,fake_debug_only_ground_truth_derived,
..\..\..\carla_data\straight\STRAIGHT_4923_20260404_030806_366948.png,val,1,straight,time_group_002,2026-04-04T03:08:06.366948,0.23064566,0.60926090,0.16009343,fake_debug_only_ground_truth_derived,
..\..\..\carla_data\straight\STRAIGHT_4975_20260404_030807_643889.png,val,1,straight,time_group_002,2026-04-04T03:08:07.643889,,,,fake_debug_only_missing,
..\..\..\carla_data\straight\STRAIGHT_5028_20260404_030808_923090.png,val,1,straight,time_group_002,2026-04-04T03:08:08.923090,0.27188123,0.60238678,0.12573199,fake_debug_only_ground_truth_derived,
..\..\..\carla_data\straight\STRAIGHT_5047_20260404_030809_588398.png,val,1,straight,time_group_002,2026-04-04T03:08:09.588398,0.22861444,0.68840605,0.08297951,fake_debug_only_ground_truth_derived,
..\..\..\carla_data\straight\STRAIGHT_5131_20260404_030811_303316.png,val,1,straight,time_group_002,2026-04-04T03:08:11.303316,,,,fake_debug_only_missing,
..\..\..\carla_data\straight\STRAIGHT_5173_20260404_030812_331049.png,val,1,straight,time_group_002,2026-04-04T03:08:12.331049,0.28751407,0.09951475,0.61297119,fake_debug_only_ground_truth_derived,
..\..\..\carla_data\straight\STRAIGHT_5228_20260404_030813_766197.png,val,1,straight,time_group_002,2026-04-04T03:08:13.766197,0.67548568,0.24610108,0.07841323,fake_debug_only_ground_truth_derived,
..\..\..\carla_data\straight\STRAIGHT_5245_20260404_030814_459603.png,val,1,straight,time_group_002,2026-04-04T03:08:14.459603,0.06965720,0.71534082,0.21500198,fake_debug_only_ground_truth_derived,
..\..\..\carla_data\straight\STRAIGHT_5303_20260404_030815_957020.png,val,1,straight,time_group_002,2026-04-04T03:08:15.957020,0.17376637,0.73869300,0.08754063,fake_debug_only_ground_truth_derived,
..\..\..\carla_data\straight\STRAIGHT_5340_20260404_030817_002700.png,val,1,straight,time_group_002,2026-04-04T03:08:17.002700,0.11809743,0.70032802,0.18157455,fake_debug_only_ground_truth_derived,
..\..\..\carla_data\straight\STRAIGHT_5359_20260404_030817_732252.png,val,1,straight,time_group_002,2026-04-04T03:08:17.732252,,,,fake_debug_only_missing,
..\..\..\carla_data\straight\STRAIGHT_5412_20260404_030818_956291.png,val,1,straight,time_group_002,2026-04-04T03:08:18.956291,0.34013349,0.56785105,0.09201545,fake_debug_only_ground_truth_derived,
..\..\..\carla_data\straight\STRAIGHT_5461_20260404_030820_342850.png,val,1,straight,time_group_002,2026-04-04T03:08:20.342850,0.14685077,0.65924229,0.19390694,fake_debug_only_ground_truth_derived,
..\..\..\carla_data\straight\STRAIGHT_5647_20260404_030825_646532.png,val,1,straight,time_group_002,2026-04-04T03:08:25.646532,0.11301035,0.06891072,0.81807893,fake_debug_only_ground_truth_derived,
..\..\..\carla_data\straight\STRAIGHT_5686_20260404_030826_849119.png,val,1,straight,time_group_002,2026-04-04T03:08:26.849119,0.19986070,0.73769704,0.06244226,fake_debug_only_ground_truth_derived,
..\..\..\carla_data\straight\STRAIGHT_5737_20260404_030828_355846.png,val,1,straight,time_group_002,2026-04-04T03:08:28.355846,,,,fake_debug_only_missing,
..\..\..\carla_data\straight\STRAIGHT_7347_20260404_030917_157225.png,val,1,straight,time_group_003,2026-04-04T03:09:17.157225,0.07028620,0.80120373,0.12851007,fake_debug_only_ground_truth_derived,
..\..\..\carla_data\straight\STRAIGHT_7441_20260404_030919_987251.png,val,1,straight,time_group_003,2026-04-04T03:09:19.987251,0.08870759,0.73274980,0.17854261,fake_debug_only_ground_truth_derived,
..\..\..\carla_data\straight\STRAIGHT_7492_20260404_030921_548390.png,val,1,straight,time_group_003,2026-04-04T03:09:21.548390,0.35776348,0.55015954,0.09207699,fake_debug_only_ground_truth_derived,
..\..\..\carla_data\straight\STRAIGHT_7538_20260404_030923_060625.png,val,1,straight,time_group_003,2026-04-04T03:09:23.060625,0.10842237,0.82403680,0.06754083,fake_debug_only_ground_truth_derived,
..\..\..\carla_data\straight\STRAIGHT_7583_20260404_030924_469066.png,val,1,straight,time_group_003,2026-04-04T03:09:24.469066,0.18588478,0.59999907,0.21411614,fake_debug_only_ground_truth_derived,
..\..\..\carla_data\straight\STRAIGHT_7632_20260404_030925_994865.png,val,1,straight,time_group_003,2026-04-04T03:09:25.994865,0.08720299,0.16702203,0.74577498,fake_debug_only_ground_truth_derived,
..\..\..\carla_data\straight\STRAIGHT_7678_20260404_030927_334067.png,val,1,straight,time_group_003,2026-04-04T03:09:27.334067,0.14027640,0.65784112,0.20188248,fake_debug_only_ground_truth_derived,
..\..\..\carla_data\straight\STRAIGHT_7728_20260404_030928_786011.png,val,1,straight,time_group_003,2026-04-04T03:09:28.786011,0.09215390,0.04279020,0.86505590,fake_debug_only_ground_truth_derived,
..\..\..\carla_data\straight\STRAIGHT_7776_20260404_030930_351966.png,val,1,straight,time_group_003,2026-04-04T03:09:30.351966,0.21672508,0.61657728,0.16669764,fake_debug_only_ground_truth_derived,
..\..\..\carla_data\straight\STRAIGHT_7821_20260404_030931_707600.png,val,1,straight,time_group_003,2026-04-04T03:09:31.707600,0.71238235,0.18840462,0.09921303,fake_debug_only_ground_truth_derived,
..\..\..\carla_data\straight\STRAIGHT_7871_20260404_030933_177748.png,val,1,straight,time_group_003,2026-04-04T03:09:33.177748,0.14048780,0.77128893,0.08822327,fake_debug_only_ground_truth_derived,
..\..\..\carla_data\straight\STRAIGHT_7926_20260404_030934_743142.png,val,1,straight,time_group_003,2026-04-04T03:09:34.743142,0.15228180,0.63620685,0.21151135,fake_debug_only_ground_truth_derived,
..\..\..\carla_data\straight\STRAIGHT_7978_20260404_030936_179926.png,val,1,straight,time_group_003,2026-04-04T03:09:36.179926,0.22215431,0.55251084,0.22533485,fake_debug_only_ground_truth_derived,
..\..\..\carla_data\straight\STRAIGHT_8028_20260404_030937_539933.png,val,1,straight,time_group_003,2026-04-04T03:09:37.539933,0.05177331,0.80691200,0.14131469,fake_debug_only_ground_truth_derived,
..\..\..\carla_data\right\MANUAL_RIGHT_20260404_235916_754002.png,val,2,right,time_group_014,2026-04-04T23:59:16.754002,0.24274959,0.13105030,0.62620011,fake_debug_only_ground_truth_derived,
..\..\..\carla_data\right\MANUAL_RIGHT_20260404_235926_281762.png,val,2,right,time_group_014,2026-04-04T23:59:26.281762,0.13692641,0.26219258,0.60088101,fake_debug_only_ground_truth_derived,
..\..\..\carla_data\right\MANUAL_RIGHT_20260404_235934_949053.png,val,2,right,time_group_014,2026-04-04T23:59:34.949053,0.82906595,0.08270901,0.08822504,fake_debug_only_ground_truth_derived,
..\..\..\carla_data\left\MANUAL_LEFT_20260404_235954_057041.png,val,0,left,time_group_014,2026-04-04T23:59:54.057041,0.80457349,0.09428359,0.10114292,fake_debug_only_ground_truth_derived,
..\..\..\carla_data\right\MANUAL_RIGHT_20260405_000006_924288.png,val,2,right,time_group_014,2026-04-05T00:00:06.924288,,,,fake_debug_only_missing,
..\..\..\carla_data\right\MANUAL_RIGHT_20260405_000025_317216.png,val,2,right,time_group_014,2026-04-05T00:00:25.317216,,,,fake_debug_only_missing,
..\..\..\carla_data\right\MANUAL_RIGHT_20260405_000033_265903.png,val,2,right,time_group_014,2026-04-05T00:00:33.265903,,,,fake_debug_only_missing,
..\..\..\carla_data\left\MANUAL_LEFT_20260405_000041_749869.png,val,0,left,time_group_014,2026-04-05T00:00:41.749869,0.71348429,0.07994175,0.20657395,fake_debug_only_ground_truth_derived,
..\..\..\carla_data\right\MANUAL_RIGHT_20260405_000049_166943.png,val,2,right,time_group_014,2026-04-05T00:00:49.166943,0.14863873,0.24573591,0.60562535,fake_debug_only_ground_truth_derived,
..\..\..\carla_data\left\MANUAL_LEFT_20260405_000057_493492.png,val,0,left,time_group_014,2026-04-05T00:00:57.493492,0.82086034,0.06449721,0.11464245,fake_debug_only_ground_truth_derived,
..\..\..\carla_data\left\MANUAL_LEFT_20260405_000104_907286.png,val,0,left,time_group_014,2026-04-05T00:01:04.907286,0.79223044,0.10261264,0.10515692,fake_debug_only_ground_truth_derived,
..\..\..\carla_data\left\MANUAL_LEFT_20260405_000128_473192.png,val,0,left,time_group_015,2026-04-05T00:01:28.473192,0.78792689,0.06380322,0.14826989,fake_debug_only_ground_truth_derived,
..\..\..\carla_data\left\MANUAL_LEFT_20260405_000144_971178.png,val,0,left,time_group_015,2026-04-05T00:01:44.971178,0.66244632,0.24873581,0.08881788,fake_debug_only_ground_truth_derived,
..\..\..\carla_data\right\MANUAL_RIGHT_20260405_002441_444251.png,val,2,right,time_group_030,2026-04-05T00:24:41.444251,0.13135983,0.14915929,0.71948088,fake_debug_only_ground_truth_derived,
..\..\..\carla_data\left\MANUAL_LEFT_20260405_003642_202903.png,val,0,left,time_group_037,2026-04-05T00:36:42.202903,0.83189084,0.13027005,0.03783911,fake_debug_only_ground_truth_derived,
..\..\..\carla_data\left\MANUAL_LEFT_20260405_003657_134604.png,val,0,left,time_group_037,2026-04-05T00:36:57.134604,,,,fake_debug_only_missing,
..\..\..\carla_data\right\MANUAL_RIGHT_20260405_004456_820348.png,val,2,right,time_group_045,2026-04-05T00:44:56.820348,0.73370378,0.13447518,0.13182105,fake_debug_only_ground_truth_derived,
..\..\..\carla_data\left\MANUAL_LEFT_20260405_004503_603757.png,val,0,left,time_group_045,2026-04-05T00:45:03.603757,0.18542619,0.73175709,0.08281673,fake_debug_only_ground_truth_derived,
..\..\..\carla_data\left\MANUAL_LEFT_20260405_004508_728408.png,val,0,left,time_group_045,2026-04-05T00:45:08.728408,0.15925342,0.12426656,0.71648002,fake_debug_only_ground_truth_derived,
..\..\..\carla_data\left\MANUAL_LEFT_20260405_004521_276247.png,val,0,left,time_group_045,2026-04-05T00:45:21.276247,0.66992800,0.07168341,0.25838859,fake_debug_only_ground_truth_derived,
..\..\..\carla_data\left\MANUAL_LEFT_20260405_004532_549555.png,val,0,left,time_group_045,2026-04-05T00:45:32.549555,0.59173575,0.22754593,0.18071832,fake_debug_only_ground_truth_derived,
..\..\..\carla_data\left\MANUAL_LEFT_20260405_004541_191086.png,val,0,left,time_group_045,2026-04-05T00:45:41.191086,0.10072216,0.03246698,0.86681086,fake_debug_only_ground_truth_derived,
..\..\..\carla_data\left\MANUAL_LEFT_20260405_004555_235448.png,val,0,left,time_group_045,2026-04-05T00:45:55.235448,0.13833545,0.72473640,0.13692815,fake_debug_only_ground_truth_derived,
..\..\..\carla_data\right\MANUAL_RIGHT_20260405_004558_298392.png,val,2,right,time_group_045,2026-04-05T00:45:58.298392,0.12013506,0.80765692,0.07220802,fake_debug_only_ground_truth_derived,
..\..\..\carla_data\right\MANUAL_RIGHT_20260405_004816_282871.png,val,2,right,time_group_047,2026-04-05T00:48:16.282871,0.09600079,0.25280776,0.65119145,fake_debug_only_ground_truth_derived,
..\..\..\carla_data\right\MANUAL_RIGHT_20260405_004823_294953.png,val,2,right,time_group_047,2026-04-05T00:48:23.294953,0.04893697,0.88547396,0.06558907,fake_debug_only_ground_truth_derived,
..\..\..\carla_data\right\MANUAL_RIGHT_20260405_004833_398057.png,val,2,right,time_group_047,2026-04-05T00:48:33.398057,0.16834145,0.19504944,0.63660912,fake_debug_only_ground_truth_derived,
..\..\..\carla_data\right\MANUAL_RIGHT_20260405_004915_239391.png,val,2,right,time_group_048,2026-04-05T00:49:15.239391,0.32951925,0.08507669,0.58540406,fake_debug_only_ground_truth_derived,
..\..\..\carla_data\right\MANUAL_RIGHT_20260405_004923_768227.png,val,2,right,time_group_048,2026-04-05T00:49:23.768227,0.11685712,0.25688523,0.62625765,fake_debug_only_ground_truth_derived,
..\..\..\carla_data\right\MANUAL_RIGHT_20260405_004939_892969.png,val,2,right,time_group_048,2026-04-05T00:49:39.892969,0.28461301,0.08378707,0.63159992,fake_debug_only_ground_truth_derived,
..\..\..\carla_data\left\MANUAL_LEFT_20260405_004944_041123.png,val,0,left,time_group_048,2026-04-05T00:49:44.041123,0.07587522,0.88656471,0.03756008,fake_debug_only_ground_truth_derived,
..\..\..\carla_data\left\MANUAL_LEFT_20260405_005002_767478.png,val,0,left,time_group_048,2026-04-05T00:50:02.767478,0.87498120,0.03404440,0.09097440,fake_debug_only_ground_truth_derived,
..\..\..\carla_data\left\MANUAL_LEFT_20260405_005009_434941.png,val,0,left,time_group_048,2026-04-05T00:50:09.434941,0.21663871,0.58447298,0.19888831,fake_debug_only_ground_truth_derived,
..\..\..\carla_data\left\MANUAL_LEFT_20260405_005016_990432.png,val,0,left,time_group_048,2026-04-05T00:50:16.990432,0.55264280,0.28908242,0.15827478,fake_debug_only_ground_truth_derived,
..\..\..\carla_data\left\MANUAL_LEFT_20260405_005025_416992.png,val,0,left,time_group_048,2026-04-05T00:50:25.416992,0.68037377,0.09853577,0.22109047,fake_debug_only_ground_truth_derived,
..\..\..\carla_data\right\MANUAL_RIGHT_20260405_005033_403974.png,val,2,right,time_group_048,2026-04-05T00:50:33.403974,0.22178347,0.22070794,0.55750859,fake_debug_only_ground_truth_derived,
..\..\..\carla_data\right\MANUAL_RIGHT_20260405_005041_651684.png,val,2,right,time_group_048,2026-04-05T00:50:41.651684,0.03753843,0.07964816,0.88281341,fake_debug_only_ground_truth_derived,
..\..\..\carla_data\left\MANUAL_LEFT_20260405_005704_771454.png,val,0,left,time_group_055,2026-04-05T00:57:04.771454,0.24136741,0.12782389,0.63080870,fake_debug_only_ground_truth_derived,
..\..\..\carla_data\left\MANUAL_LEFT_20260405_005718_832289.png,val,0,left,time_group_055,2026-04-05T00:57:18.832289,0.08917700,0.12096999,0.78985301,fake_debug_only_ground_truth_derived,
..\..\..\carla_data\right\MANUAL_RIGHT_20260405_005727_023165.png,val,2,right,time_group_055,2026-04-05T00:57:27.023165,0.15587756,0.66393141,0.18019103,fake_debug_only_ground_truth_derived,
..\..\..\carla_data\right\MANUAL_RIGHT_20260405_005735_216441.png,val,2,right,time_group_055,2026-04-05T00:57:35.216441,0.06830749,0.23633836,0.69535416,fake_debug_only_ground_truth_derived,
..\..\..\carla_data\right\MANUAL_RIGHT_20260405_005742_881131.png,val,2,right,time_group_055,2026-04-05T00:57:42.881131,0.06724048,0.15293220,0.77982732,fake_debug_only_ground_truth_derived,
..\..\..\carla_data\left\MANUAL_LEFT_20260405_005957_517976.png,val,0,left,time_group_058,2026-04-05T00:59:57.517976,0.75892408,0.07833598,0.16273993,fake_debug_only_ground_truth_derived,
..\..\..\carla_data\left\MANUAL_LEFT_20260405_010005_373679.png,val,0,left,time_group_058,2026-04-05T01:00:05.373679,0.86536884,0.07627277,0.05835839,fake_debug_only_ground_truth_derived,
..\..\..\carla_data\right\MANUAL_RIGHT_20260405_010022_566877.png,val,2,right,time_group_058,2026-04-05T01:00:22.566877,,,,fake_debug_only_missing,
..\..\..\carla_data\left\MANUAL_LEFT_20260405_010824_331662.png,val,0,left,time_group_064,2026-04-05T01:08:24.331662,0.81729847,0.04425931,0.13844222,fake_debug_only_ground_truth_derived,
..\..\..\carla_data\right\MANUAL_RIGHT_20260405_010831_587106.png,val,2,right,time_group_064,2026-04-05T01:08:31.587106,0.21062211,0.20459397,0.58478392,fake_debug_only_ground_truth_derived,
..\..\..\carla_data\right\MANUAL_RIGHT_20260405_010839_425127.png,val,2,right,time_group_064,2026-04-05T01:08:39.425127,0.83357447,0.12654920,0.03987634,fake_debug_only_ground_truth_derived,
..\..\..\carla_data\right\MANUAL_RIGHT_20260405_011943_043092.png,val,2,right,time_group_075,2026-04-05T01:19:43.043092,0.06209298,0.06703135,0.87087567,fake_debug_only_ground_truth_derived,
..\..\..\carla_data\right\MANUAL_RIGHT_20260405_011951_109234.png,val,2,right,time_group_075,2026-04-05T01:19:51.109234,0.65636938,0.22014153,0.12348910,fake_debug_only_ground_truth_derived,
..\..\..\carla_data\right\MANUAL_RIGHT_20260405_011958_830549.png,val,2,right,time_group_075,2026-04-05T01:19:58.830549,0.22846418,0.06534795,0.70618787,fake_debug_only_ground_truth_derived,
..\..\..\carla_data\left\MANUAL_LEFT_20260405_012016_616276.png,val,0,left,time_group_075,2026-04-05T01:20:16.616276,0.80971860,0.10065212,0.08962928,fake_debug_only_ground_truth_derived,
..\..\..\carla_data\left\MANUAL_LEFT_20260405_012024_700393.png,val,0,left,time_group_075,2026-04-05T01:20:24.700393,0.69396023,0.24056558,0.06547419,fake_debug_only_ground_truth_derived,
..\..\..\carla_data\right\MANUAL_RIGHT_20260405_012713_833051.png,val,2,right,time_group_080,2026-04-05T01:27:13.833051,0.14415288,0.29331639,0.56253072,fake_debug_only_ground_truth_derived,
..\..\..\carla_data\right\MANUAL_RIGHT_20260405_012723_110925.png,val,2,right,time_group_080,2026-04-05T01:27:23.110925,0.04878507,0.09011319,0.86110175,fake_debug_only_ground_truth_derived,
..\..\..\carla_data\right\MANUAL_RIGHT_20260405_012737_346775.png,val,2,right,time_group_080,2026-04-05T01:27:37.346775,,,,fake_debug_only_missing,
..\..\..\carla_data\right\MANUAL_RIGHT_20260405_012755_838415.png,val,2,right,time_group_080,2026-04-05T01:27:55.838415,0.05720399,0.19360900,0.74918702,fake_debug_only_ground_truth_derived,
